[PID ERROR] [Errno 2] No such file or directory: 'mm/config/pid/thea.pid'
[PID ERROR] [Errno 2] No such file or directory: 'mm/config/pid/thea.pid'
[PID ERROR] [Errno 2] No such file or directory: 'mm/config/pid/thea.pid'
[PID ERROR] [Errno 2] No such file or directory: 'mm/config/pid/thea.pid'
[PID ERROR] [Errno 2] No such file or directory: 'mm/config/pid/thea.pid'
[2025-09-23 17:05:37] INFO: ======================================================================
[2025-09-23 17:05:37] INFO: ======================================================================
[2025-09-23 17:05:37] INFO: [INIT] THEA starting as persistent background process
[2025-09-23 17:05:37] INFO: [INIT] THEA starting as persistent background process
[2025-09-23 17:07:10] INFO: ======================================================================
[2025-09-23 17:07:10] INFO: [INIT] THEA starting as persistent background process
[2025-09-23 17:07:13] INFO: [SHUTDOWN] Received signal 2, shutting down gracefully...
[2025-09-23 17:07:19] INFO: [SHUTDOWN] Received signal 2, shutting down gracefully...
[2025-09-23 17:07:20] INFO: [SHUTDOWN] Received signal 2, shutting down gracefully...
[2025-09-23 17:07:20] INFO: [SHUTDOWN] Received signal 2, shutting down gracefully...
[2025-09-23 17:07:20] INFO: [SHUTDOWN] Received signal 2, shutting down gracefully...
[2025-09-23 17:07:20] INFO: [SHUTDOWN] Received signal 2, shutting down gracefully...
[2025-09-23 17:07:20] INFO: [SHUTDOWN] Received signal 2, shutting down gracefully...
[2025-09-23 17:07:21] INFO: [SHUTDOWN] Received signal 2, shutting down gracefully...
[2025-09-23 17:07:21] INFO: [SHUTDOWN] Received signal 2, shutting down gracefully...
[2025-09-23 17:07:21] INFO: [SHUTDOWN] Received signal 2, shutting down gracefully...
[2025-09-23 17:11:07] WARNING: [SKIP] GAIN-USDT: float() argument must be a string or a real number, not 'NoneType'
[2025-09-23 17:11:07] WARNING: [SKIP] GAIN-USDT: float() argument must be a string or a real number, not 'NoneType'
[2025-09-23 17:11:44] WARNING: [SKIP] XAN-USDT: float() argument must be a string or a real number, not 'NoneType'
[2025-09-23 17:11:44] WARNING: [SKIP] XAN-USDT: float() argument must be a string or a real number, not 'NoneType'
[2025-09-23 17:13:17] INFO: [SAVE] Captured 1306 signal rows @ 2025-09-23 13:05:37
[2025-09-23 17:13:17] INFO: [SAVE] Captured 1306 signal rows @ 2025-09-23 13:05:37
[2025-09-23 17:18:47] WARNING: [SKIP] GAIN-USDT: float() argument must be a string or a real number, not 'NoneType'
[2025-09-23 17:18:47] WARNING: [SKIP] GAIN-USDT: float() argument must be a string or a real number, not 'NoneType'
[2025-09-23 17:19:25] WARNING: [SKIP] XAN-USDT: float() argument must be a string or a real number, not 'NoneType'
[2025-09-23 17:19:25] WARNING: [SKIP] XAN-USDT: float() argument must be a string or a real number, not 'NoneType'
[2025-09-23 17:20:57] INFO: [SAVE] Captured 1306 signal rows @ 2025-09-23 13:13:17
[2025-09-23 17:20:57] INFO: [SAVE] Captured 1306 signal rows @ 2025-09-23 13:13:17
[2025-09-23 17:26:27] WARNING: [SKIP] GAIN-USDT: float() argument must be a string or a real number, not 'NoneType'
[2025-09-23 17:26:27] WARNING: [SKIP] GAIN-USDT: float() argument must be a string or a real number, not 'NoneType'
[2025-09-23 17:27:05] WARNING: [SKIP] XAN-USDT: float() argument must be a string or a real number, not 'NoneType'
[2025-09-23 17:27:05] WARNING: [SKIP] XAN-USDT: float() argument must be a string or a real number, not 'NoneType'
[2025-09-23 17:28:36] ERROR: [ERROR] no partition of relation "signals_intel" found for row
DETAIL:  Partition key of the failing row contains (ts) = (2025-09-23 13:20:57-04).

[2025-09-23 17:28:36] ERROR: [ERROR] no partition of relation "signals_intel" found for row
DETAIL:  Partition key of the failing row contains (ts) = (2025-09-23 13:20:57-04).

[2025-09-23 17:34:07] WARNING: [SKIP] GAIN-USDT: float() argument must be a string or a real number, not 'NoneType'
[2025-09-23 17:34:07] WARNING: [SKIP] GAIN-USDT: float() argument must be a string or a real number, not 'NoneType'
[2025-09-23 17:34:45] WARNING: [SKIP] XAN-USDT: float() argument must be a string or a real number, not 'NoneType'
[2025-09-23 17:34:45] WARNING: [SKIP] XAN-USDT: float() argument must be a string or a real number, not 'NoneType'
[2025-09-23 17:36:22] ERROR: [ERROR] no partition of relation "signals_intel" found for row
DETAIL:  Partition key of the failing row contains (ts) = (2025-09-23 13:28:36-04).

[2025-09-23 17:36:22] ERROR: [ERROR] no partition of relation "signals_intel" found for row
DETAIL:  Partition key of the failing row contains (ts) = (2025-09-23 13:28:36-04).

[2025-09-23 17:41:54] WARNING: [SKIP] GAIN-USDT: float() argument must be a string or a real number, not 'NoneType'
[2025-09-23 17:41:54] WARNING: [SKIP] GAIN-USDT: float() argument must be a string or a real number, not 'NoneType'
[2025-09-23 17:42:33] WARNING: [SKIP] XAN-USDT: float() argument must be a string or a real number, not 'NoneType'
[2025-09-23 17:42:33] WARNING: [SKIP] XAN-USDT: float() argument must be a string or a real number, not 'NoneType'
[2025-09-23 17:44:05] ERROR: [ERROR] no partition of relation "signals_intel" found for row
DETAIL:  Partition key of the failing row contains (ts) = (2025-09-23 13:36:22-04).

[2025-09-23 17:44:05] ERROR: [ERROR] no partition of relation "signals_intel" found for row
DETAIL:  Partition key of the failing row contains (ts) = (2025-09-23 13:36:22-04).

[2025-09-23 17:49:39] WARNING: [SKIP] GAIN-USDT: float() argument must be a string or a real number, not 'NoneType'
[2025-09-23 17:49:39] WARNING: [SKIP] GAIN-USDT: float() argument must be a string or a real number, not 'NoneType'
[2025-09-23 17:50:18] WARNING: [SKIP] XAN-USDT: float() argument must be a string or a real number, not 'NoneType'
[2025-09-23 17:50:18] WARNING: [SKIP] XAN-USDT: float() argument must be a string or a real number, not 'NoneType'
[2025-09-23 17:51:56] ERROR: [ERROR] no partition of relation "signals_intel" found for row
DETAIL:  Partition key of the failing row contains (ts) = (2025-09-23 13:44:05-04).

[2025-09-23 17:51:56] ERROR: [ERROR] no partition of relation "signals_intel" found for row
DETAIL:  Partition key of the failing row contains (ts) = (2025-09-23 13:44:05-04).

[2025-09-23 17:57:29] WARNING: [SKIP] GAIN-USDT: float() argument must be a string or a real number, not 'NoneType'
[2025-09-23 17:57:29] WARNING: [SKIP] GAIN-USDT: float() argument must be a string or a real number, not 'NoneType'
[2025-09-23 17:58:07] WARNING: [SKIP] XAN-USDT: float() argument must be a string or a real number, not 'NoneType'
[2025-09-23 17:58:07] WARNING: [SKIP] XAN-USDT: float() argument must be a string or a real number, not 'NoneType'
[2025-09-23 17:59:39] ERROR: [ERROR] no partition of relation "signals_intel" found for row
DETAIL:  Partition key of the failing row contains (ts) = (2025-09-23 13:51:56-04).

[2025-09-23 17:59:39] ERROR: [ERROR] no partition of relation "signals_intel" found for row
DETAIL:  Partition key of the failing row contains (ts) = (2025-09-23 13:51:56-04).

[2025-09-23 18:05:18] WARNING: [SKIP] GAIN-USDT: float() argument must be a string or a real number, not 'NoneType'
[2025-09-23 18:05:18] WARNING: [SKIP] GAIN-USDT: float() argument must be a string or a real number, not 'NoneType'
[2025-09-23 18:05:58] WARNING: [SKIP] XAN-USDT: float() argument must be a string or a real number, not 'NoneType'
[2025-09-23 18:05:58] WARNING: [SKIP] XAN-USDT: float() argument must be a string or a real number, not 'NoneType'
[2025-09-23 18:07:29] ERROR: [ERROR] no partition of relation "signals_intel" found for row
DETAIL:  Partition key of the failing row contains (ts) = (2025-09-23 13:59:39-04).

[2025-09-23 18:07:29] ERROR: [ERROR] no partition of relation "signals_intel" found for row
DETAIL:  Partition key of the failing row contains (ts) = (2025-09-23 13:59:39-04).

[2025-09-23 18:13:08] WARNING: [SKIP] GAIN-USDT: float() argument must be a string or a real number, not 'NoneType'
[2025-09-23 18:13:08] WARNING: [SKIP] GAIN-USDT: float() argument must be a string or a real number, not 'NoneType'
[2025-09-23 18:13:47] WARNING: [SKIP] XAN-USDT: float() argument must be a string or a real number, not 'NoneType'
[2025-09-23 18:13:47] WARNING: [SKIP] XAN-USDT: float() argument must be a string or a real number, not 'NoneType'
[2025-09-23 18:15:21] ERROR: [ERROR] no partition of relation "signals_intel" found for row
DETAIL:  Partition key of the failing row contains (ts) = (2025-09-23 14:07:29-04).

[2025-09-23 18:15:21] ERROR: [ERROR] no partition of relation "signals_intel" found for row
DETAIL:  Partition key of the failing row contains (ts) = (2025-09-23 14:07:29-04).

[2025-09-23 18:20:57] WARNING: [SKIP] GAIN-USDT: float() argument must be a string or a real number, not 'NoneType'
[2025-09-23 18:20:57] WARNING: [SKIP] GAIN-USDT: float() argument must be a string or a real number, not 'NoneType'
[2025-09-23 18:21:37] WARNING: [SKIP] XAN-USDT: float() argument must be a string or a real number, not 'NoneType'
[2025-09-23 18:21:37] WARNING: [SKIP] XAN-USDT: float() argument must be a string or a real number, not 'NoneType'
[2025-09-23 18:23:10] ERROR: [ERROR] no partition of relation "signals_intel" found for row
DETAIL:  Partition key of the failing row contains (ts) = (2025-09-23 14:15:21-04).

[2025-09-23 18:23:10] ERROR: [ERROR] no partition of relation "signals_intel" found for row
DETAIL:  Partition key of the failing row contains (ts) = (2025-09-23 14:15:21-04).

[2025-09-23 18:28:47] WARNING: [SKIP] GAIN-USDT: float() argument must be a string or a real number, not 'NoneType'
[2025-09-23 18:28:47] WARNING: [SKIP] GAIN-USDT: float() argument must be a string or a real number, not 'NoneType'
[2025-09-23 18:29:26] WARNING: [SKIP] XAN-USDT: float() argument must be a string or a real number, not 'NoneType'
[2025-09-23 18:29:26] WARNING: [SKIP] XAN-USDT: float() argument must be a string or a real number, not 'NoneType'
[2025-09-23 18:31:00] ERROR: [ERROR] no partition of relation "signals_intel" found for row
DETAIL:  Partition key of the failing row contains (ts) = (2025-09-23 14:23:10-04).

[2025-09-23 18:31:00] ERROR: [ERROR] no partition of relation "signals_intel" found for row
DETAIL:  Partition key of the failing row contains (ts) = (2025-09-23 14:23:10-04).

[2025-09-23 18:36:38] WARNING: [SKIP] GAIN-USDT: float() argument must be a string or a real number, not 'NoneType'
[2025-09-23 18:36:38] WARNING: [SKIP] GAIN-USDT: float() argument must be a string or a real number, not 'NoneType'
[2025-09-23 18:37:18] WARNING: [SKIP] XAN-USDT: float() argument must be a string or a real number, not 'NoneType'
[2025-09-23 18:37:18] WARNING: [SKIP] XAN-USDT: float() argument must be a string or a real number, not 'NoneType'
[2025-09-23 18:38:52] ERROR: [ERROR] no partition of relation "signals_intel" found for row
DETAIL:  Partition key of the failing row contains (ts) = (2025-09-23 14:31:00-04).

[2025-09-23 18:38:52] ERROR: [ERROR] no partition of relation "signals_intel" found for row
DETAIL:  Partition key of the failing row contains (ts) = (2025-09-23 14:31:00-04).

[2025-09-23 18:44:28] WARNING: [SKIP] GAIN-USDT: float() argument must be a string or a real number, not 'NoneType'
[2025-09-23 18:44:28] WARNING: [SKIP] GAIN-USDT: float() argument must be a string or a real number, not 'NoneType'
[2025-09-23 18:45:07] WARNING: [SKIP] XAN-USDT: float() argument must be a string or a real number, not 'NoneType'
[2025-09-23 18:45:07] WARNING: [SKIP] XAN-USDT: float() argument must be a string or a real number, not 'NoneType'
[2025-09-23 18:46:38] ERROR: [ERROR] no partition of relation "signals_intel" found for row
DETAIL:  Partition key of the failing row contains (ts) = (2025-09-23 14:38:52-04).

[2025-09-23 18:46:38] ERROR: [ERROR] no partition of relation "signals_intel" found for row
DETAIL:  Partition key of the failing row contains (ts) = (2025-09-23 14:38:52-04).

[2025-09-23 18:52:14] WARNING: [SKIP] GAIN-USDT: float() argument must be a string or a real number, not 'NoneType'
[2025-09-23 18:52:14] WARNING: [SKIP] GAIN-USDT: float() argument must be a string or a real number, not 'NoneType'
[2025-09-23 18:52:53] WARNING: [SKIP] XAN-USDT: float() argument must be a string or a real number, not 'NoneType'
[2025-09-23 18:52:53] WARNING: [SKIP] XAN-USDT: float() argument must be a string or a real number, not 'NoneType'
[2025-09-23 18:54:24] INFO: [SAVE] Captured 1306 signal rows @ 2025-09-23 14:46:38
[2025-09-23 18:54:24] INFO: [SAVE] Captured 1306 signal rows @ 2025-09-23 14:46:38
[2025-09-23 18:59:56] WARNING: [SKIP] GAIN-USDT: float() argument must be a string or a real number, not 'NoneType'
[2025-09-23 18:59:56] WARNING: [SKIP] GAIN-USDT: float() argument must be a string or a real number, not 'NoneType'
[2025-09-23 19:00:36] WARNING: [SKIP] XAN-USDT: float() argument must be a string or a real number, not 'NoneType'
[2025-09-23 19:00:36] WARNING: [SKIP] XAN-USDT: float() argument must be a string or a real number, not 'NoneType'
[2025-09-23 19:02:09] INFO: [SAVE] Captured 1306 signal rows @ 2025-09-23 14:54:24
[2025-09-23 19:02:09] INFO: [SAVE] Captured 1306 signal rows @ 2025-09-23 14:54:24
[2025-09-23 19:07:42] WARNING: [SKIP] GAIN-USDT: float() argument must be a string or a real number, not 'NoneType'
[2025-09-23 19:07:42] WARNING: [SKIP] GAIN-USDT: float() argument must be a string or a real number, not 'NoneType'
[2025-09-23 19:08:20] WARNING: [SKIP] XAN-USDT: float() argument must be a string or a real number, not 'NoneType'
[2025-09-23 19:08:20] WARNING: [SKIP] XAN-USDT: float() argument must be a string or a real number, not 'NoneType'
[2025-09-23 19:09:51] INFO: [SAVE] Captured 1306 signal rows @ 2025-09-23 15:02:09
[2025-09-23 19:09:51] INFO: [SAVE] Captured 1306 signal rows @ 2025-09-23 15:02:09
[2025-09-23 19:15:22] WARNING: [SKIP] GAIN-USDT: float() argument must be a string or a real number, not 'NoneType'
[2025-09-23 19:15:22] WARNING: [SKIP] GAIN-USDT: float() argument must be a string or a real number, not 'NoneType'
[2025-09-23 19:16:00] WARNING: [SKIP] XAN-USDT: float() argument must be a string or a real number, not 'NoneType'
[2025-09-23 19:16:00] WARNING: [SKIP] XAN-USDT: float() argument must be a string or a real number, not 'NoneType'
[2025-09-23 19:17:32] ERROR: [ERROR] no partition of relation "signals_intel" found for row
DETAIL:  Partition key of the failing row contains (ts) = (2025-09-23 15:09:51-04).

[2025-09-23 19:17:32] ERROR: [ERROR] no partition of relation "signals_intel" found for row
DETAIL:  Partition key of the failing row contains (ts) = (2025-09-23 15:09:51-04).

[2025-09-23 19:23:01] WARNING: [SKIP] GAIN-USDT: float() argument must be a string or a real number, not 'NoneType'
[2025-09-23 19:23:01] WARNING: [SKIP] GAIN-USDT: float() argument must be a string or a real number, not 'NoneType'
[2025-09-23 19:23:38] WARNING: [SKIP] XAN-USDT: float() argument must be a string or a real number, not 'NoneType'
[2025-09-23 19:23:38] WARNING: [SKIP] XAN-USDT: float() argument must be a string or a real number, not 'NoneType'
[2025-09-23 19:25:09] ERROR: [ERROR] no partition of relation "signals_intel" found for row
DETAIL:  Partition key of the failing row contains (ts) = (2025-09-23 15:17:32-04).

[2025-09-23 19:25:09] ERROR: [ERROR] no partition of relation "signals_intel" found for row
DETAIL:  Partition key of the failing row contains (ts) = (2025-09-23 15:17:32-04).

[2025-09-23 19:30:39] WARNING: [SKIP] GAIN-USDT: float() argument must be a string or a real number, not 'NoneType'
[2025-09-23 19:30:39] WARNING: [SKIP] GAIN-USDT: float() argument must be a string or a real number, not 'NoneType'
[2025-09-23 19:31:17] WARNING: [SKIP] XAN-USDT: float() argument must be a string or a real number, not 'NoneType'
[2025-09-23 19:31:17] WARNING: [SKIP] XAN-USDT: float() argument must be a string or a real number, not 'NoneType'
[2025-09-23 19:32:48] ERROR: [ERROR] no partition of relation "signals_intel" found for row
DETAIL:  Partition key of the failing row contains (ts) = (2025-09-23 15:25:09-04).

[2025-09-23 19:32:48] ERROR: [ERROR] no partition of relation "signals_intel" found for row
DETAIL:  Partition key of the failing row contains (ts) = (2025-09-23 15:25:09-04).

[2025-09-23 19:38:17] WARNING: [SKIP] GAIN-USDT: float() argument must be a string or a real number, not 'NoneType'
[2025-09-23 19:38:17] WARNING: [SKIP] GAIN-USDT: float() argument must be a string or a real number, not 'NoneType'
[2025-09-23 19:38:55] WARNING: [SKIP] XAN-USDT: float() argument must be a string or a real number, not 'NoneType'
[2025-09-23 19:38:55] WARNING: [SKIP] XAN-USDT: float() argument must be a string or a real number, not 'NoneType'
[2025-09-23 19:40:26] ERROR: [ERROR] no partition of relation "signals_intel" found for row
DETAIL:  Partition key of the failing row contains (ts) = (2025-09-23 15:32:48-04).

[2025-09-23 19:40:26] ERROR: [ERROR] no partition of relation "signals_intel" found for row
DETAIL:  Partition key of the failing row contains (ts) = (2025-09-23 15:32:48-04).

[2025-09-23 19:45:57] WARNING: [SKIP] GAIN-USDT: float() argument must be a string or a real number, not 'NoneType'
[2025-09-23 19:45:57] WARNING: [SKIP] GAIN-USDT: float() argument must be a string or a real number, not 'NoneType'
[2025-09-23 19:46:35] WARNING: [SKIP] XAN-USDT: float() argument must be a string or a real number, not 'NoneType'
[2025-09-23 19:46:35] WARNING: [SKIP] XAN-USDT: float() argument must be a string or a real number, not 'NoneType'
[2025-09-23 19:48:05] ERROR: [ERROR] SSL connection has been closed unexpectedly

[2025-09-23 19:48:05] ERROR: [ERROR] SSL connection has been closed unexpectedly

[2025-09-23 19:48:05] ERROR: [ERROR] connection already closed
[2025-09-23 19:48:05] ERROR: [ERROR] connection already closed
[2025-09-23 19:53:05] ERROR: [ERROR] connection already closed
[2025-09-23 19:53:05] ERROR: [ERROR] connection already closed
[2025-09-23 19:58:05] ERROR: [ERROR] connection already closed
[2025-09-23 19:58:05] ERROR: [ERROR] connection already closed
[2025-09-23 20:03:05] ERROR: [ERROR] connection already closed
[2025-09-23 20:03:05] ERROR: [ERROR] connection already closed
[2025-09-23 20:08:05] ERROR: [ERROR] connection already closed
[2025-09-23 20:08:05] ERROR: [ERROR] connection already closed
[2025-09-23 20:13:05] ERROR: [ERROR] connection already closed
[2025-09-23 20:13:05] ERROR: [ERROR] connection already closed
[2025-09-23 20:18:05] ERROR: [ERROR] connection already closed
[2025-09-23 20:18:05] ERROR: [ERROR] connection already closed
[2025-09-23 20:23:05] ERROR: [ERROR] connection already closed
[2025-09-23 20:23:05] ERROR: [ERROR] connection already closed
[2025-09-23 20:28:05] ERROR: [ERROR] connection already closed
[2025-09-23 20:28:05] ERROR: [ERROR] connection already closed
[2025-09-23 20:33:05] ERROR: [ERROR] connection already closed
[2025-09-23 20:33:05] ERROR: [ERROR] connection already closed
[2025-09-23 20:38:05] ERROR: [ERROR] connection already closed
[2025-09-23 20:38:05] ERROR: [ERROR] connection already closed
[2025-09-23 20:43:05] ERROR: [ERROR] connection already closed
[2025-09-23 20:43:05] ERROR: [ERROR] connection already closed
[2025-09-23 20:48:05] ERROR: [ERROR] connection already closed
[2025-09-23 20:48:05] ERROR: [ERROR] connection already closed
[2025-09-23 20:53:06] ERROR: [ERROR] connection already closed
[2025-09-23 20:53:06] ERROR: [ERROR] connection already closed
[2025-09-23 20:58:06] ERROR: [ERROR] connection already closed
[2025-09-23 20:58:06] ERROR: [ERROR] connection already closed
[2025-09-23 21:03:06] ERROR: [ERROR] connection already closed
[2025-09-23 21:03:06] ERROR: [ERROR] connection already closed
[2025-09-23 21:08:06] ERROR: [ERROR] connection already closed
[2025-09-23 21:08:06] ERROR: [ERROR] connection already closed
[2025-09-23 21:13:06] ERROR: [ERROR] connection already closed
[2025-09-23 21:13:06] ERROR: [ERROR] connection already closed
[2025-09-23 21:18:06] ERROR: [ERROR] connection already closed
[2025-09-23 21:18:06] ERROR: [ERROR] connection already closed
[2025-09-23 21:23:06] ERROR: [ERROR] connection already closed
[2025-09-23 21:23:06] ERROR: [ERROR] connection already closed
[2025-09-23 21:28:06] ERROR: [ERROR] connection already closed
[2025-09-23 21:28:06] ERROR: [ERROR] connection already closed
[2025-09-23 21:33:06] ERROR: [ERROR] connection already closed
[2025-09-23 21:33:06] ERROR: [ERROR] connection already closed
[2025-09-23 21:38:06] ERROR: [ERROR] connection already closed
[2025-09-23 21:38:06] ERROR: [ERROR] connection already closed
[2025-09-23 21:43:06] ERROR: [ERROR] connection already closed
[2025-09-23 21:43:06] ERROR: [ERROR] connection already closed
[2025-09-23 21:48:06] ERROR: [ERROR] connection already closed
[2025-09-23 21:48:06] ERROR: [ERROR] connection already closed
[2025-09-23 21:53:07] ERROR: [ERROR] connection already closed
[2025-09-23 21:53:07] ERROR: [ERROR] connection already closed
[2025-09-23 21:58:07] ERROR: [ERROR] connection already closed
[2025-09-23 21:58:07] ERROR: [ERROR] connection already closed
[2025-09-23 22:03:07] ERROR: [ERROR] connection already closed
[2025-09-23 22:03:07] ERROR: [ERROR] connection already closed
[2025-09-23 22:08:07] ERROR: [ERROR] connection already closed
[2025-09-23 22:08:07] ERROR: [ERROR] connection already closed
[2025-09-23 22:13:07] ERROR: [ERROR] connection already closed
[2025-09-23 22:13:07] ERROR: [ERROR] connection already closed
[2025-09-23 22:18:07] ERROR: [ERROR] connection already closed
[2025-09-23 22:18:07] ERROR: [ERROR] connection already closed
[2025-09-23 22:23:07] ERROR: [ERROR] connection already closed
[2025-09-23 22:23:07] ERROR: [ERROR] connection already closed
[2025-09-23 22:28:07] ERROR: [ERROR] connection already closed
[2025-09-23 22:28:07] ERROR: [ERROR] connection already closed
[2025-09-23 22:33:07] ERROR: [ERROR] connection already closed
[2025-09-23 22:33:07] ERROR: [ERROR] connection already closed
[2025-09-23 22:38:07] ERROR: [ERROR] connection already closed
[2025-09-23 22:38:07] ERROR: [ERROR] connection already closed
[2025-09-23 22:43:07] ERROR: [ERROR] connection already closed
[2025-09-23 22:43:07] ERROR: [ERROR] connection already closed
[2025-09-23 22:48:08] ERROR: [ERROR] connection already closed
[2025-09-23 22:48:08] ERROR: [ERROR] connection already closed
[2025-09-23 22:53:08] ERROR: [ERROR] connection already closed
[2025-09-23 22:53:08] ERROR: [ERROR] connection already closed
[2025-09-23 22:58:08] ERROR: [ERROR] connection already closed
[2025-09-23 22:58:08] ERROR: [ERROR] connection already closed
[2025-09-23 23:03:08] ERROR: [ERROR] connection already closed
[2025-09-23 23:03:08] ERROR: [ERROR] connection already closed
[2025-09-23 23:08:08] ERROR: [ERROR] connection already closed
[2025-09-23 23:08:08] ERROR: [ERROR] connection already closed
[2025-09-23 23:13:08] ERROR: [ERROR] connection already closed
[2025-09-23 23:13:08] ERROR: [ERROR] connection already closed
[2025-09-23 23:18:08] ERROR: [ERROR] connection already closed
[2025-09-23 23:18:08] ERROR: [ERROR] connection already closed
[2025-09-23 23:23:08] ERROR: [ERROR] connection already closed
[2025-09-23 23:23:08] ERROR: [ERROR] connection already closed
[2025-09-23 23:28:08] ERROR: [ERROR] connection already closed
[2025-09-23 23:28:08] ERROR: [ERROR] connection already closed
[2025-09-23 23:33:08] ERROR: [ERROR] connection already closed
[2025-09-23 23:33:08] ERROR: [ERROR] connection already closed
[2025-09-23 23:38:08] ERROR: [ERROR] connection already closed
[2025-09-23 23:38:08] ERROR: [ERROR] connection already closed
[2025-09-23 23:43:08] ERROR: [ERROR] connection already closed
[2025-09-23 23:43:08] ERROR: [ERROR] connection already closed
[2025-09-23 23:48:08] ERROR: [ERROR] connection already closed
[2025-09-23 23:48:08] ERROR: [ERROR] connection already closed
[2025-09-23 23:53:08] ERROR: [ERROR] connection already closed
[2025-09-23 23:53:08] ERROR: [ERROR] connection already closed
[2025-09-23 23:58:08] ERROR: [ERROR] connection already closed
[2025-09-23 23:58:08] ERROR: [ERROR] connection already closed
[2025-09-24 00:03:09] ERROR: [ERROR] connection already closed
[2025-09-24 00:03:09] ERROR: [ERROR] connection already closed
[2025-09-24 00:08:09] ERROR: [ERROR] connection already closed
[2025-09-24 00:08:09] ERROR: [ERROR] connection already closed
[2025-09-24 00:13:09] ERROR: [ERROR] connection already closed
[2025-09-24 00:13:09] ERROR: [ERROR] connection already closed
[2025-09-24 00:18:09] ERROR: [ERROR] connection already closed
[2025-09-24 00:18:09] ERROR: [ERROR] connection already closed
[2025-09-24 00:23:09] ERROR: [ERROR] connection already closed
[2025-09-24 00:23:09] ERROR: [ERROR] connection already closed
[2025-09-24 00:28:09] ERROR: [ERROR] connection already closed
[2025-09-24 00:28:09] ERROR: [ERROR] connection already closed
[2025-09-24 00:33:09] ERROR: [ERROR] connection already closed
[2025-09-24 00:33:09] ERROR: [ERROR] connection already closed
[2025-09-24 00:38:09] ERROR: [ERROR] connection already closed
[2025-09-24 00:38:09] ERROR: [ERROR] connection already closed
[2025-09-24 00:43:09] ERROR: [ERROR] connection already closed
[2025-09-24 00:43:09] ERROR: [ERROR] connection already closed
[2025-09-24 00:48:09] ERROR: [ERROR] connection already closed
[2025-09-24 00:48:09] ERROR: [ERROR] connection already closed
[2025-09-24 00:53:09] ERROR: [ERROR] connection already closed
[2025-09-24 00:53:09] ERROR: [ERROR] connection already closed
[2025-09-24 00:58:09] ERROR: [ERROR] connection already closed
[2025-09-24 00:58:09] ERROR: [ERROR] connection already closed
[2025-09-24 01:03:10] ERROR: [ERROR] connection already closed
[2025-09-24 01:03:10] ERROR: [ERROR] connection already closed
[2025-09-24 01:08:10] ERROR: [ERROR] connection already closed
[2025-09-24 01:08:10] ERROR: [ERROR] connection already closed
[2025-09-24 01:13:10] ERROR: [ERROR] connection already closed
[2025-09-24 01:13:10] ERROR: [ERROR] connection already closed
[2025-09-24 01:18:10] ERROR: [ERROR] connection already closed
[2025-09-24 01:18:10] ERROR: [ERROR] connection already closed
[2025-09-24 01:23:10] ERROR: [ERROR] connection already closed
[2025-09-24 01:23:10] ERROR: [ERROR] connection already closed
[2025-09-24 01:28:10] ERROR: [ERROR] connection already closed
[2025-09-24 01:28:10] ERROR: [ERROR] connection already closed
[2025-09-24 01:33:10] ERROR: [ERROR] connection already closed
[2025-09-24 01:33:10] ERROR: [ERROR] connection already closed
[2025-09-24 01:38:10] ERROR: [ERROR] connection already closed
[2025-09-24 01:38:10] ERROR: [ERROR] connection already closed
[2025-09-24 01:43:10] ERROR: [ERROR] connection already closed
[2025-09-24 01:43:10] ERROR: [ERROR] connection already closed
[2025-09-24 01:48:10] ERROR: [ERROR] connection already closed
[2025-09-24 01:48:10] ERROR: [ERROR] connection already closed
[2025-09-24 01:53:10] ERROR: [ERROR] connection already closed
[2025-09-24 01:53:10] ERROR: [ERROR] connection already closed
[2025-09-24 01:58:11] ERROR: [ERROR] connection already closed
[2025-09-24 01:58:11] ERROR: [ERROR] connection already closed
[2025-09-24 02:03:11] ERROR: [ERROR] connection already closed
[2025-09-24 02:03:11] ERROR: [ERROR] connection already closed
[2025-09-24 02:08:11] ERROR: [ERROR] connection already closed
[2025-09-24 02:08:11] ERROR: [ERROR] connection already closed
[2025-09-24 02:13:11] ERROR: [ERROR] connection already closed
[2025-09-24 02:13:11] ERROR: [ERROR] connection already closed
[2025-09-24 02:18:11] ERROR: [ERROR] connection already closed
[2025-09-24 02:18:11] ERROR: [ERROR] connection already closed
[2025-09-24 02:23:11] ERROR: [ERROR] connection already closed
[2025-09-24 02:23:11] ERROR: [ERROR] connection already closed
[2025-09-24 02:28:11] ERROR: [ERROR] connection already closed
[2025-09-24 02:28:11] ERROR: [ERROR] connection already closed
[2025-09-24 02:33:11] ERROR: [ERROR] connection already closed
[2025-09-24 02:33:11] ERROR: [ERROR] connection already closed
[2025-09-24 02:38:11] ERROR: [ERROR] connection already closed
[2025-09-24 02:38:11] ERROR: [ERROR] connection already closed
[2025-09-24 02:43:11] ERROR: [ERROR] connection already closed
[2025-09-24 02:43:11] ERROR: [ERROR] connection already closed
[2025-09-24 02:48:11] ERROR: [ERROR] connection already closed
[2025-09-24 02:48:11] ERROR: [ERROR] connection already closed
[2025-09-24 02:53:11] ERROR: [ERROR] connection already closed
[2025-09-24 02:53:11] ERROR: [ERROR] connection already closed
[2025-09-24 02:58:11] ERROR: [ERROR] connection already closed
[2025-09-24 02:58:11] ERROR: [ERROR] connection already closed
[2025-09-24 03:03:12] ERROR: [ERROR] connection already closed
[2025-09-24 03:03:12] ERROR: [ERROR] connection already closed
[2025-09-24 03:08:12] ERROR: [ERROR] connection already closed
[2025-09-24 03:08:12] ERROR: [ERROR] connection already closed
[2025-09-24 03:13:12] ERROR: [ERROR] connection already closed
[2025-09-24 03:13:12] ERROR: [ERROR] connection already closed
[2025-09-24 03:18:12] ERROR: [ERROR] connection already closed
[2025-09-24 03:18:12] ERROR: [ERROR] connection already closed
[2025-09-24 03:23:12] ERROR: [ERROR] connection already closed
[2025-09-24 03:23:12] ERROR: [ERROR] connection already closed
[2025-09-24 03:28:12] ERROR: [ERROR] connection already closed
[2025-09-24 03:28:12] ERROR: [ERROR] connection already closed
[2025-09-24 03:33:12] ERROR: [ERROR] connection already closed
[2025-09-24 03:33:12] ERROR: [ERROR] connection already closed
[2025-09-24 03:38:12] ERROR: [ERROR] connection already closed
[2025-09-24 03:38:12] ERROR: [ERROR] connection already closed
[2025-09-24 03:43:12] ERROR: [ERROR] connection already closed
[2025-09-24 03:43:12] ERROR: [ERROR] connection already closed
[2025-09-24 03:48:12] ERROR: [ERROR] connection already closed
[2025-09-24 03:48:12] ERROR: [ERROR] connection already closed
[2025-09-24 03:53:12] ERROR: [ERROR] connection already closed
[2025-09-24 03:53:12] ERROR: [ERROR] connection already closed
[2025-09-24 03:58:12] ERROR: [ERROR] connection already closed
[2025-09-24 03:58:12] ERROR: [ERROR] connection already closed
[2025-09-24 04:03:12] ERROR: [ERROR] connection already closed
[2025-09-24 04:03:12] ERROR: [ERROR] connection already closed
[2025-09-24 04:08:12] ERROR: [ERROR] connection already closed
[2025-09-24 04:08:12] ERROR: [ERROR] connection already closed
[2025-09-24 04:13:12] ERROR: [ERROR] connection already closed
[2025-09-24 04:13:12] ERROR: [ERROR] connection already closed
[2025-09-24 04:18:13] ERROR: [ERROR] connection already closed
[2025-09-24 04:18:13] ERROR: [ERROR] connection already closed
[2025-09-24 04:23:13] ERROR: [ERROR] connection already closed
[2025-09-24 04:23:13] ERROR: [ERROR] connection already closed
[2025-09-24 04:28:13] ERROR: [ERROR] connection already closed
[2025-09-24 04:28:13] ERROR: [ERROR] connection already closed
[2025-09-24 04:33:13] ERROR: [ERROR] connection already closed
[2025-09-24 04:33:13] ERROR: [ERROR] connection already closed
[2025-09-24 04:38:13] ERROR: [ERROR] connection already closed
[2025-09-24 04:38:13] ERROR: [ERROR] connection already closed
[2025-09-24 04:38:31] INFO: ======================================================================
[2025-09-24 04:38:31] INFO: [INIT] THEA starting as persistent background process
[2025-09-24 04:41:05] WARNING: [SKIP] PIN-USDT: float() argument must be a string or a real number, not 'NoneType'
[2025-09-24 04:43:13] ERROR: [ERROR] connection already closed
[2025-09-24 04:43:13] ERROR: [ERROR] connection already closed
[2025-09-24 04:43:32] WARNING: [SKIP] GAIN-USDT: float() argument must be a string or a real number, not 'NoneType'
[2025-09-24 04:44:07] WARNING: [SKIP] XAN-USDT: float() argument must be a string or a real number, not 'NoneType'
[2025-09-24 04:45:06] WARNING: [SKIP] ASTER-USDT: float() argument must be a string or a real number, not 'NoneType'
[2025-09-24 04:45:30] ERROR: [ERROR] column "ts" of relation "signals_intel" does not exist
LINE 3:                     sigid, ts, symbol, interval,
                                   ^

[2025-09-24 04:48:02] WARNING: [SKIP] PIN-USDT: float() argument must be a string or a real number, not 'NoneType'
[2025-09-24 04:48:13] ERROR: [ERROR] connection already closed
[2025-09-24 04:48:13] ERROR: [ERROR] connection already closed
[2025-09-24 04:50:28] WARNING: [SKIP] GAIN-USDT: float() argument must be a string or a real number, not 'NoneType'
[2025-09-24 04:51:03] WARNING: [SKIP] XAN-USDT: float() argument must be a string or a real number, not 'NoneType'
[2025-09-24 04:51:45] INFO: [SHUTDOWN] Received signal 2, shutting down gracefully...
[2025-09-24 04:53:13] ERROR: [ERROR] connection already closed
[2025-09-24 04:53:13] ERROR: [ERROR] connection already closed
[2025-09-24 04:58:13] ERROR: [ERROR] connection already closed
[2025-09-24 04:58:13] ERROR: [ERROR] connection already closed
[2025-09-24 05:03:13] ERROR: [ERROR] connection already closed
[2025-09-24 05:03:13] ERROR: [ERROR] connection already closed
[2025-09-24 05:08:14] ERROR: [ERROR] connection already closed
[2025-09-24 05:08:14] ERROR: [ERROR] connection already closed
[2025-09-24 05:13:14] ERROR: [ERROR] connection already closed
[2025-09-24 05:13:14] ERROR: [ERROR] connection already closed
[2025-09-24 05:18:14] ERROR: [ERROR] connection already closed
[2025-09-24 05:18:14] ERROR: [ERROR] connection already closed
[2025-09-24 05:23:14] ERROR: [ERROR] connection already closed
[2025-09-24 05:23:14] ERROR: [ERROR] connection already closed
[2025-09-24 05:28:14] ERROR: [ERROR] connection already closed
[2025-09-24 05:28:14] ERROR: [ERROR] connection already closed
[2025-09-24 05:33:14] ERROR: [ERROR] connection already closed
[2025-09-24 05:33:14] ERROR: [ERROR] connection already closed
[2025-09-24 05:38:14] ERROR: [ERROR] connection already closed
[2025-09-24 05:38:14] ERROR: [ERROR] connection already closed
[2025-09-24 05:43:14] ERROR: [ERROR] connection already closed
[2025-09-24 05:43:14] ERROR: [ERROR] connection already closed
[2025-09-24 05:48:14] ERROR: [ERROR] connection already closed
[2025-09-24 05:48:14] ERROR: [ERROR] connection already closed
[2025-09-24 05:53:14] ERROR: [ERROR] connection already closed
[2025-09-24 05:53:14] ERROR: [ERROR] connection already closed
[2025-09-24 05:58:14] ERROR: [ERROR] connection already closed
[2025-09-24 05:58:14] ERROR: [ERROR] connection already closed
[2025-09-24 06:03:14] ERROR: [ERROR] connection already closed
[2025-09-24 06:03:14] ERROR: [ERROR] connection already closed
[2025-09-24 06:08:14] ERROR: [ERROR] connection already closed
[2025-09-24 06:08:14] ERROR: [ERROR] connection already closed
[2025-09-24 06:13:15] ERROR: [ERROR] connection already closed
[2025-09-24 06:13:15] ERROR: [ERROR] connection already closed
[2025-09-24 06:18:15] ERROR: [ERROR] connection already closed
[2025-09-24 06:18:15] ERROR: [ERROR] connection already closed
[2025-09-24 06:23:15] ERROR: [ERROR] connection already closed
[2025-09-24 06:23:15] ERROR: [ERROR] connection already closed
[2025-09-24 06:28:15] ERROR: [ERROR] connection already closed
[2025-09-24 06:28:15] ERROR: [ERROR] connection already closed
[2025-09-24 06:33:15] ERROR: [ERROR] connection already closed
[2025-09-24 06:33:15] ERROR: [ERROR] connection already closed
[2025-09-24 06:38:15] ERROR: [ERROR] connection already closed
[2025-09-24 06:38:15] ERROR: [ERROR] connection already closed
[2025-09-24 06:43:15] ERROR: [ERROR] connection already closed
[2025-09-24 06:43:15] ERROR: [ERROR] connection already closed
[2025-09-24 06:48:15] ERROR: [ERROR] connection already closed
[2025-09-24 06:48:15] ERROR: [ERROR] connection already closed
[2025-09-24 06:53:15] ERROR: [ERROR] connection already closed
[2025-09-24 06:53:15] ERROR: [ERROR] connection already closed
[2025-09-24 06:58:15] ERROR: [ERROR] connection already closed
[2025-09-24 06:58:15] ERROR: [ERROR] connection already closed
[2025-09-24 07:03:15] ERROR: [ERROR] connection already closed
[2025-09-24 07:03:15] ERROR: [ERROR] connection already closed
[2025-09-24 07:08:15] ERROR: [ERROR] connection already closed
[2025-09-24 07:08:15] ERROR: [ERROR] connection already closed
[2025-09-24 07:13:15] ERROR: [ERROR] connection already closed
[2025-09-24 07:13:15] ERROR: [ERROR] connection already closed
[2025-09-24 07:18:15] ERROR: [ERROR] connection already closed
[2025-09-24 07:18:15] ERROR: [ERROR] connection already closed
[2025-09-24 07:23:15] ERROR: [ERROR] connection already closed
[2025-09-24 07:23:15] ERROR: [ERROR] connection already closed
[2025-09-24 07:28:15] ERROR: [ERROR] connection already closed
[2025-09-24 07:28:15] ERROR: [ERROR] connection already closed
[2025-09-24 07:33:16] ERROR: [ERROR] connection already closed
[2025-09-24 07:33:16] ERROR: [ERROR] connection already closed
[2025-09-24 07:38:16] ERROR: [ERROR] connection already closed
[2025-09-24 07:38:16] ERROR: [ERROR] connection already closed
[2025-09-24 07:43:16] ERROR: [ERROR] connection already closed
[2025-09-24 07:43:16] ERROR: [ERROR] connection already closed
[2025-09-24 07:48:16] ERROR: [ERROR] connection already closed
[2025-09-24 07:48:16] ERROR: [ERROR] connection already closed
[2025-09-24 07:53:16] ERROR: [ERROR] connection already closed
[2025-09-24 07:53:16] ERROR: [ERROR] connection already closed
[2025-09-24 07:58:16] ERROR: [ERROR] connection already closed
[2025-09-24 07:58:16] ERROR: [ERROR] connection already closed
[2025-09-24 08:03:16] ERROR: [ERROR] connection already closed
[2025-09-24 08:03:16] ERROR: [ERROR] connection already closed
[2025-09-24 08:08:16] ERROR: [ERROR] connection already closed
[2025-09-24 08:08:16] ERROR: [ERROR] connection already closed
[2025-09-24 08:13:16] ERROR: [ERROR] connection already closed
[2025-09-24 08:13:16] ERROR: [ERROR] connection already closed
[2025-09-24 08:18:16] ERROR: [ERROR] connection already closed
[2025-09-24 08:18:16] ERROR: [ERROR] connection already closed
[2025-09-24 08:23:16] ERROR: [ERROR] connection already closed
[2025-09-24 08:23:16] ERROR: [ERROR] connection already closed
[2025-09-24 08:28:16] ERROR: [ERROR] connection already closed
[2025-09-24 08:28:16] ERROR: [ERROR] connection already closed
[2025-09-24 08:33:16] ERROR: [ERROR] connection already closed
[2025-09-24 08:33:16] ERROR: [ERROR] connection already closed
[2025-09-24 08:38:16] ERROR: [ERROR] connection already closed
[2025-09-24 08:38:16] ERROR: [ERROR] connection already closed
[2025-09-24 08:43:17] ERROR: [ERROR] connection already closed
[2025-09-24 08:43:17] ERROR: [ERROR] connection already closed
[2025-09-24 08:48:17] ERROR: [ERROR] connection already closed
[2025-09-24 08:48:17] ERROR: [ERROR] connection already closed
[2025-09-24 08:53:17] ERROR: [ERROR] connection already closed
[2025-09-24 08:53:17] ERROR: [ERROR] connection already closed
[2025-09-24 08:58:17] ERROR: [ERROR] connection already closed
[2025-09-24 08:58:17] ERROR: [ERROR] connection already closed
[2025-09-24 09:03:17] ERROR: [ERROR] connection already closed
[2025-09-24 09:03:17] ERROR: [ERROR] connection already closed
[2025-09-24 09:08:17] ERROR: [ERROR] connection already closed
[2025-09-24 09:08:17] ERROR: [ERROR] connection already closed
[2025-09-24 09:13:17] ERROR: [ERROR] connection already closed
[2025-09-24 09:13:17] ERROR: [ERROR] connection already closed
[2025-09-24 09:18:17] ERROR: [ERROR] connection already closed
[2025-09-24 09:18:17] ERROR: [ERROR] connection already closed
Traceback (most recent call last):
  File "/usr/lib/python3.10/runpy.py", line 196, in _run_module_as_main
    return _run_code(code, main_globals, None,
  File "/usr/lib/python3.10/runpy.py", line 86, in _run_code
    exec(code, run_globals)
  File "/root/Echelon/valentrix/mm/utils/seldon_engine/thea.py", line 43, in <module>
    from mm.utils.helpers.wintermute import (
ImportError: cannot import name 'get_logger' from 'mm.utils.helpers.wintermute' (/root/Echelon/valentrix/mm/utils/helpers/wintermute.py)
Traceback (most recent call last):
  File "/usr/lib/python3.10/runpy.py", line 196, in _run_module_as_main
    return _run_code(code, main_globals, None,
  File "/usr/lib/python3.10/runpy.py", line 86, in _run_code
    exec(code, run_globals)
  File "/root/Echelon/valentrix/mm/utils/seldon_engine/thea.py", line 43, in <module>
    from mm.utils.helpers.wintermute import (
ImportError: cannot import name 'get_logger' from 'mm.utils.helpers.wintermute' (/root/Echelon/valentrix/mm/utils/helpers/wintermute.py)
[2025-09-24 09:23:17] ERROR: [ERROR] connection already closed
[2025-09-24 09:23:17] ERROR: [ERROR] connection already closed
Traceback (most recent call last):
  File "/usr/lib/python3.10/runpy.py", line 196, in _run_module_as_main
    return _run_code(code, main_globals, None,
  File "/usr/lib/python3.10/runpy.py", line 86, in _run_code
    exec(code, run_globals)
  File "/root/Echelon/valentrix/mm/utils/seldon_engine/thea.py", line 43, in <module>
    from mm.utils.helpers.wintermute import (
ImportError: cannot import name 'get_logger' from 'mm.utils.helpers.wintermute' (/root/Echelon/valentrix/mm/utils/helpers/wintermute.py)
Traceback (most recent call last):
  File "/usr/lib/python3.10/runpy.py", line 196, in _run_module_as_main
    return _run_code(code, main_globals, None,
  File "/usr/lib/python3.10/runpy.py", line 86, in _run_code
    exec(code, run_globals)
  File "/root/Echelon/valentrix/mm/utils/seldon_engine/thea.py", line 43, in <module>
    from mm.utils.helpers.wintermute import (
ImportError: cannot import name 'get_logger' from 'mm.utils.helpers.wintermute' (/root/Echelon/valentrix/mm/utils/helpers/wintermute.py)
Traceback (most recent call last):
  File "/usr/lib/python3.10/runpy.py", line 196, in _run_module_as_main
    return _run_code(code, main_globals, None,
  File "/usr/lib/python3.10/runpy.py", line 86, in _run_code
    exec(code, run_globals)
  File "/root/Echelon/valentrix/mm/utils/seldon_engine/thea.py", line 43, in <module>
    from mm.utils.helpers.wintermute import (
ImportError: cannot import name 'get_logger' from 'mm.utils.helpers.wintermute' (/root/Echelon/valentrix/mm/utils/helpers/wintermute.py)
[2025-09-24 09:28:17] ERROR: [ERROR] connection already closed
[2025-09-24 09:28:17] ERROR: [ERROR] connection already closed
Traceback (most recent call last):
  File "/usr/lib/python3.10/runpy.py", line 196, in _run_module_as_main
    return _run_code(code, main_globals, None,
  File "/usr/lib/python3.10/runpy.py", line 86, in _run_code
    exec(code, run_globals)
  File "/root/Echelon/valentrix/mm/utils/seldon_engine/thea.py", line 43, in <module>
    from mm.utils.helpers.wintermute import (
ImportError: cannot import name 'get_logger' from 'mm.utils.helpers.wintermute' (/root/Echelon/valentrix/mm/utils/helpers/wintermute.py)
Traceback (most recent call last):
  File "/usr/lib/python3.10/runpy.py", line 196, in _run_module_as_main
    return _run_code(code, main_globals, None,
  File "/usr/lib/python3.10/runpy.py", line 86, in _run_code
    exec(code, run_globals)
  File "/root/Echelon/valentrix/mm/utils/seldon_engine/thea.py", line 43, in <module>
    from mm.utils.helpers.wintermute import (
ImportError: cannot import name 'get_logger' from 'mm.utils.helpers.wintermute' (/root/Echelon/valentrix/mm/utils/helpers/wintermute.py)
Traceback (most recent call last):
  File "/usr/lib/python3.10/runpy.py", line 196, in _run_module_as_main
    return _run_code(code, main_globals, None,
  File "/usr/lib/python3.10/runpy.py", line 86, in _run_code
    exec(code, run_globals)
  File "/root/Echelon/valentrix/mm/utils/seldon_engine/thea.py", line 43, in <module>
    from mm.utils.helpers.wintermute import (
ImportError: cannot import name 'get_logger' from 'mm.utils.helpers.wintermute' (/root/Echelon/valentrix/mm/utils/helpers/wintermute.py)
Traceback (most recent call last):
  File "/usr/lib/python3.10/runpy.py", line 196, in _run_module_as_main
    return _run_code(code, main_globals, None,
  File "/usr/lib/python3.10/runpy.py", line 86, in _run_code
    exec(code, run_globals)
  File "/root/Echelon/valentrix/mm/utils/seldon_engine/thea.py", line 43, in <module>
    from mm.utils.helpers.wintermute import (
ImportError: cannot import name 'get_logger' from 'mm.utils.helpers.wintermute' (/root/Echelon/valentrix/mm/utils/helpers/wintermute.py)
[2025-09-24 09:33:17] ERROR: [ERROR] connection already closed
[2025-09-24 09:33:17] ERROR: [ERROR] connection already closed
Traceback (most recent call last):
  File "/usr/lib/python3.10/runpy.py", line 196, in _run_module_as_main
    return _run_code(code, main_globals, None,
  File "/usr/lib/python3.10/runpy.py", line 86, in _run_code
    exec(code, run_globals)
  File "/root/Echelon/valentrix/mm/utils/seldon_engine/thea.py", line 43, in <module>
    from mm.utils.helpers.wintermute import (
ImportError: cannot import name 'get_logger' from 'mm.utils.helpers.wintermute' (/root/Echelon/valentrix/mm/utils/helpers/wintermute.py)
Traceback (most recent call last):
  File "/usr/lib/python3.10/runpy.py", line 196, in _run_module_as_main
    return _run_code(code, main_globals, None,
  File "/usr/lib/python3.10/runpy.py", line 86, in _run_code
    exec(code, run_globals)
  File "/root/Echelon/valentrix/mm/utils/seldon_engine/thea.py", line 43, in <module>
    from mm.utils.helpers.wintermute import (
ImportError: cannot import name 'get_logger' from 'mm.utils.helpers.wintermute' (/root/Echelon/valentrix/mm/utils/helpers/wintermute.py)
Traceback (most recent call last):
  File "/usr/lib/python3.10/runpy.py", line 196, in _run_module_as_main
    return _run_code(code, main_globals, None,
  File "/usr/lib/python3.10/runpy.py", line 86, in _run_code
    exec(code, run_globals)
  File "/root/Echelon/valentrix/mm/utils/seldon_engine/thea.py", line 43, in <module>
    from mm.utils.helpers.wintermute import (
ImportError: cannot import name 'get_logger' from 'mm.utils.helpers.wintermute' (/root/Echelon/valentrix/mm/utils/helpers/wintermute.py)
[2025-09-24 09:38:18] ERROR: [ERROR] connection already closed
[2025-09-24 09:38:18] ERROR: [ERROR] connection already closed
Traceback (most recent call last):
  File "/usr/lib/python3.10/runpy.py", line 196, in _run_module_as_main
    return _run_code(code, main_globals, None,
  File "/usr/lib/python3.10/runpy.py", line 86, in _run_code
    exec(code, run_globals)
  File "/root/Echelon/valentrix/mm/utils/seldon_engine/thea.py", line 43, in <module>
    from mm.utils.helpers.wintermute import (
ImportError: cannot import name 'get_logger' from 'mm.utils.helpers.wintermute' (/root/Echelon/valentrix/mm/utils/helpers/wintermute.py)
Traceback (most recent call last):
  File "/usr/lib/python3.10/runpy.py", line 196, in _run_module_as_main
    return _run_code(code, main_globals, None,
  File "/usr/lib/python3.10/runpy.py", line 86, in _run_code
    exec(code, run_globals)
  File "/root/Echelon/valentrix/mm/utils/seldon_engine/thea.py", line 43, in <module>
    from mm.utils.helpers.wintermute import (
ImportError: cannot import name 'get_logger' from 'mm.utils.helpers.wintermute' (/root/Echelon/valentrix/mm/utils/helpers/wintermute.py)
Traceback (most recent call last):
  File "/usr/lib/python3.10/runpy.py", line 196, in _run_module_as_main
    return _run_code(code, main_globals, None,
  File "/usr/lib/python3.10/runpy.py", line 86, in _run_code
    exec(code, run_globals)
  File "/root/Echelon/valentrix/mm/utils/seldon_engine/thea.py", line 43, in <module>
    from mm.utils.helpers.wintermute import (
ImportError: cannot import name 'get_logger' from 'mm.utils.helpers.wintermute' (/root/Echelon/valentrix/mm/utils/helpers/wintermute.py)
[2025-09-24 09:43:18] ERROR: [ERROR] connection already closed
[2025-09-24 09:43:18] ERROR: [ERROR] connection already closed
Traceback (most recent call last):
  File "/usr/lib/python3.10/runpy.py", line 196, in _run_module_as_main
    return _run_code(code, main_globals, None,
  File "/usr/lib/python3.10/runpy.py", line 86, in _run_code
    exec(code, run_globals)
  File "/root/Echelon/valentrix/mm/utils/seldon_engine/thea.py", line 43, in <module>
    from mm.utils.helpers.wintermute import (
ImportError: cannot import name 'get_logger' from 'mm.utils.helpers.wintermute' (/root/Echelon/valentrix/mm/utils/helpers/wintermute.py)
Traceback (most recent call last):
  File "/usr/lib/python3.10/runpy.py", line 196, in _run_module_as_main
    return _run_code(code, main_globals, None,
  File "/usr/lib/python3.10/runpy.py", line 86, in _run_code
    exec(code, run_globals)
  File "/root/Echelon/valentrix/mm/utils/seldon_engine/thea.py", line 43, in <module>
    from mm.utils.helpers.wintermute import (
ImportError: cannot import name 'get_logger' from 'mm.utils.helpers.wintermute' (/root/Echelon/valentrix/mm/utils/helpers/wintermute.py)
Traceback (most recent call last):
  File "/usr/lib/python3.10/runpy.py", line 196, in _run_module_as_main
    return _run_code(code, main_globals, None,
  File "/usr/lib/python3.10/runpy.py", line 86, in _run_code
    exec(code, run_globals)
  File "/root/Echelon/valentrix/mm/utils/seldon_engine/thea.py", line 43, in <module>
    from mm.utils.helpers.wintermute import (
ImportError: cannot import name 'get_logger' from 'mm.utils.helpers.wintermute' (/root/Echelon/valentrix/mm/utils/helpers/wintermute.py)
Traceback (most recent call last):
  File "/usr/lib/python3.10/runpy.py", line 196, in _run_module_as_main
    return _run_code(code, main_globals, None,
  File "/usr/lib/python3.10/runpy.py", line 86, in _run_code
    exec(code, run_globals)
  File "/root/Echelon/valentrix/mm/utils/seldon_engine/thea.py", line 43, in <module>
    from mm.utils.helpers.wintermute import (
ImportError: cannot import name 'get_logger' from 'mm.utils.helpers.wintermute' (/root/Echelon/valentrix/mm/utils/helpers/wintermute.py)
[2025-09-24 09:48:18] ERROR: [ERROR] connection already closed
[2025-09-24 09:48:18] ERROR: [ERROR] connection already closed
Traceback (most recent call last):
  File "/usr/lib/python3.10/runpy.py", line 196, in _run_module_as_main
    return _run_code(code, main_globals, None,
  File "/usr/lib/python3.10/runpy.py", line 86, in _run_code
    exec(code, run_globals)
  File "/root/Echelon/valentrix/mm/utils/seldon_engine/thea.py", line 43, in <module>
    from mm.utils.helpers.wintermute import (
ImportError: cannot import name 'get_logger' from 'mm.utils.helpers.wintermute' (/root/Echelon/valentrix/mm/utils/helpers/wintermute.py)
Traceback (most recent call last):
  File "/usr/lib/python3.10/runpy.py", line 196, in _run_module_as_main
    return _run_code(code, main_globals, None,
  File "/usr/lib/python3.10/runpy.py", line 86, in _run_code
    exec(code, run_globals)
  File "/root/Echelon/valentrix/mm/utils/seldon_engine/thea.py", line 43, in <module>
    from mm.utils.helpers.wintermute import (
ImportError: cannot import name 'get_logger' from 'mm.utils.helpers.wintermute' (/root/Echelon/valentrix/mm/utils/helpers/wintermute.py)
Traceback (most recent call last):
  File "/usr/lib/python3.10/runpy.py", line 196, in _run_module_as_main
    return _run_code(code, main_globals, None,
  File "/usr/lib/python3.10/runpy.py", line 86, in _run_code
    exec(code, run_globals)
  File "/root/Echelon/valentrix/mm/utils/seldon_engine/thea.py", line 43, in <module>
    from mm.utils.helpers.wintermute import (
ImportError: cannot import name 'get_logger' from 'mm.utils.helpers.wintermute' (/root/Echelon/valentrix/mm/utils/helpers/wintermute.py)
[2025-09-24 09:53:18] ERROR: [ERROR] connection already closed
[2025-09-24 09:53:18] ERROR: [ERROR] connection already closed
Traceback (most recent call last):
  File "/usr/lib/python3.10/runpy.py", line 196, in _run_module_as_main
    return _run_code(code, main_globals, None,
  File "/usr/lib/python3.10/runpy.py", line 86, in _run_code
    exec(code, run_globals)
  File "/root/Echelon/valentrix/mm/utils/seldon_engine/thea.py", line 43, in <module>
    from mm.utils.helpers.wintermute import (
ImportError: cannot import name 'get_logger' from 'mm.utils.helpers.wintermute' (/root/Echelon/valentrix/mm/utils/helpers/wintermute.py)
Traceback (most recent call last):
  File "/usr/lib/python3.10/runpy.py", line 196, in _run_module_as_main
    return _run_code(code, main_globals, None,
  File "/usr/lib/python3.10/runpy.py", line 86, in _run_code
    exec(code, run_globals)
  File "/root/Echelon/valentrix/mm/utils/seldon_engine/thea.py", line 43, in <module>
    from mm.utils.helpers.wintermute import (
ImportError: cannot import name 'get_logger' from 'mm.utils.helpers.wintermute' (/root/Echelon/valentrix/mm/utils/helpers/wintermute.py)
Traceback (most recent call last):
  File "/usr/lib/python3.10/runpy.py", line 196, in _run_module_as_main
    return _run_code(code, main_globals, None,
  File "/usr/lib/python3.10/runpy.py", line 86, in _run_code
    exec(code, run_globals)
  File "/root/Echelon/valentrix/mm/utils/seldon_engine/thea.py", line 43, in <module>
    from mm.utils.helpers.wintermute import (
ImportError: cannot import name 'get_logger' from 'mm.utils.helpers.wintermute' (/root/Echelon/valentrix/mm/utils/helpers/wintermute.py)
[2025-09-24 09:58:18] ERROR: [ERROR] connection already closed
[2025-09-24 09:58:18] ERROR: [ERROR] connection already closed
Traceback (most recent call last):
  File "/usr/lib/python3.10/runpy.py", line 196, in _run_module_as_main
    return _run_code(code, main_globals, None,
  File "/usr/lib/python3.10/runpy.py", line 86, in _run_code
    exec(code, run_globals)
  File "/root/Echelon/valentrix/mm/utils/seldon_engine/thea.py", line 43, in <module>
    from mm.utils.helpers.wintermute import (
ImportError: cannot import name 'get_logger' from 'mm.utils.helpers.wintermute' (/root/Echelon/valentrix/mm/utils/helpers/wintermute.py)
Traceback (most recent call last):
  File "/usr/lib/python3.10/runpy.py", line 196, in _run_module_as_main
    return _run_code(code, main_globals, None,
  File "/usr/lib/python3.10/runpy.py", line 86, in _run_code
    exec(code, run_globals)
  File "/root/Echelon/valentrix/mm/utils/seldon_engine/thea.py", line 43, in <module>
    from mm.utils.helpers.wintermute import (
ImportError: cannot import name 'get_logger' from 'mm.utils.helpers.wintermute' (/root/Echelon/valentrix/mm/utils/helpers/wintermute.py)
Traceback (most recent call last):
  File "/usr/lib/python3.10/runpy.py", line 196, in _run_module_as_main
    return _run_code(code, main_globals, None,
  File "/usr/lib/python3.10/runpy.py", line 86, in _run_code
    exec(code, run_globals)
  File "/root/Echelon/valentrix/mm/utils/seldon_engine/thea.py", line 43, in <module>
    from mm.utils.helpers.wintermute import (
ImportError: cannot import name 'get_logger' from 'mm.utils.helpers.wintermute' (/root/Echelon/valentrix/mm/utils/helpers/wintermute.py)
[2025-09-24 10:03:18] ERROR: [ERROR] connection already closed
[2025-09-24 10:03:18] ERROR: [ERROR] connection already closed
Traceback (most recent call last):
  File "/usr/lib/python3.10/runpy.py", line 196, in _run_module_as_main
    return _run_code(code, main_globals, None,
  File "/usr/lib/python3.10/runpy.py", line 86, in _run_code
    exec(code, run_globals)
  File "/root/Echelon/valentrix/mm/utils/seldon_engine/thea.py", line 43, in <module>
    from mm.utils.helpers.wintermute import (
ImportError: cannot import name 'get_logger' from 'mm.utils.helpers.wintermute' (/root/Echelon/valentrix/mm/utils/helpers/wintermute.py)
Traceback (most recent call last):
  File "/usr/lib/python3.10/runpy.py", line 196, in _run_module_as_main
    return _run_code(code, main_globals, None,
  File "/usr/lib/python3.10/runpy.py", line 86, in _run_code
    exec(code, run_globals)
  File "/root/Echelon/valentrix/mm/utils/seldon_engine/thea.py", line 43, in <module>
    from mm.utils.helpers.wintermute import (
ImportError: cannot import name 'get_logger' from 'mm.utils.helpers.wintermute' (/root/Echelon/valentrix/mm/utils/helpers/wintermute.py)
Traceback (most recent call last):
  File "/usr/lib/python3.10/runpy.py", line 196, in _run_module_as_main
    return _run_code(code, main_globals, None,
  File "/usr/lib/python3.10/runpy.py", line 86, in _run_code
    exec(code, run_globals)
  File "/root/Echelon/valentrix/mm/utils/seldon_engine/thea.py", line 43, in <module>
    from mm.utils.helpers.wintermute import (
ImportError: cannot import name 'get_logger' from 'mm.utils.helpers.wintermute' (/root/Echelon/valentrix/mm/utils/helpers/wintermute.py)
Traceback (most recent call last):
  File "/usr/lib/python3.10/runpy.py", line 196, in _run_module_as_main
    return _run_code(code, main_globals, None,
  File "/usr/lib/python3.10/runpy.py", line 86, in _run_code
    exec(code, run_globals)
  File "/root/Echelon/valentrix/mm/utils/seldon_engine/thea.py", line 43, in <module>
    from mm.utils.helpers.wintermute import (
ImportError: cannot import name 'get_logger' from 'mm.utils.helpers.wintermute' (/root/Echelon/valentrix/mm/utils/helpers/wintermute.py)
[2025-09-24 10:08:18] ERROR: [ERROR] connection already closed
[2025-09-24 10:08:18] ERROR: [ERROR] connection already closed
Traceback (most recent call last):
  File "/usr/lib/python3.10/runpy.py", line 196, in _run_module_as_main
    return _run_code(code, main_globals, None,
  File "/usr/lib/python3.10/runpy.py", line 86, in _run_code
    exec(code, run_globals)
  File "/root/Echelon/valentrix/mm/utils/seldon_engine/thea.py", line 43, in <module>
    from mm.utils.helpers.wintermute import (
ImportError: cannot import name 'get_logger' from 'mm.utils.helpers.wintermute' (/root/Echelon/valentrix/mm/utils/helpers/wintermute.py)
Traceback (most recent call last):
  File "/usr/lib/python3.10/runpy.py", line 196, in _run_module_as_main
    return _run_code(code, main_globals, None,
  File "/usr/lib/python3.10/runpy.py", line 86, in _run_code
    exec(code, run_globals)
  File "/root/Echelon/valentrix/mm/utils/seldon_engine/thea.py", line 43, in <module>
    from mm.utils.helpers.wintermute import (
ImportError: cannot import name 'get_logger' from 'mm.utils.helpers.wintermute' (/root/Echelon/valentrix/mm/utils/helpers/wintermute.py)
Traceback (most recent call last):
  File "/usr/lib/python3.10/runpy.py", line 196, in _run_module_as_main
    return _run_code(code, main_globals, None,
  File "/usr/lib/python3.10/runpy.py", line 86, in _run_code
    exec(code, run_globals)
  File "/root/Echelon/valentrix/mm/utils/seldon_engine/thea.py", line 43, in <module>
    from mm.utils.helpers.wintermute import (
ImportError: cannot import name 'get_logger' from 'mm.utils.helpers.wintermute' (/root/Echelon/valentrix/mm/utils/helpers/wintermute.py)
[2025-09-24 10:13:18] ERROR: [ERROR] connection already closed
[2025-09-24 10:13:18] ERROR: [ERROR] connection already closed
Traceback (most recent call last):
  File "/usr/lib/python3.10/runpy.py", line 196, in _run_module_as_main
    return _run_code(code, main_globals, None,
  File "/usr/lib/python3.10/runpy.py", line 86, in _run_code
    exec(code, run_globals)
  File "/root/Echelon/valentrix/mm/utils/seldon_engine/thea.py", line 43, in <module>
    from mm.utils.helpers.wintermute import (
ImportError: cannot import name 'get_logger' from 'mm.utils.helpers.wintermute' (/root/Echelon/valentrix/mm/utils/helpers/wintermute.py)
Traceback (most recent call last):
  File "/usr/lib/python3.10/runpy.py", line 196, in _run_module_as_main
    return _run_code(code, main_globals, None,
  File "/usr/lib/python3.10/runpy.py", line 86, in _run_code
    exec(code, run_globals)
  File "/root/Echelon/valentrix/mm/utils/seldon_engine/thea.py", line 43, in <module>
    from mm.utils.helpers.wintermute import (
ImportError: cannot import name 'get_logger' from 'mm.utils.helpers.wintermute' (/root/Echelon/valentrix/mm/utils/helpers/wintermute.py)
Traceback (most recent call last):
  File "/usr/lib/python3.10/runpy.py", line 196, in _run_module_as_main
    return _run_code(code, main_globals, None,
  File "/usr/lib/python3.10/runpy.py", line 86, in _run_code
    exec(code, run_globals)
  File "/root/Echelon/valentrix/mm/utils/seldon_engine/thea.py", line 43, in <module>
    from mm.utils.helpers.wintermute import (
ImportError: cannot import name 'get_logger' from 'mm.utils.helpers.wintermute' (/root/Echelon/valentrix/mm/utils/helpers/wintermute.py)
[2025-09-24 10:18:18] ERROR: [ERROR] connection already closed
[2025-09-24 10:18:18] ERROR: [ERROR] connection already closed
Traceback (most recent call last):
  File "/usr/lib/python3.10/runpy.py", line 196, in _run_module_as_main
    return _run_code(code, main_globals, None,
  File "/usr/lib/python3.10/runpy.py", line 86, in _run_code
    exec(code, run_globals)
  File "/root/Echelon/valentrix/mm/utils/seldon_engine/thea.py", line 43, in <module>
    from mm.utils.helpers.wintermute import (
ImportError: cannot import name 'get_logger' from 'mm.utils.helpers.wintermute' (/root/Echelon/valentrix/mm/utils/helpers/wintermute.py)
Traceback (most recent call last):
  File "/usr/lib/python3.10/runpy.py", line 196, in _run_module_as_main
    return _run_code(code, main_globals, None,
  File "/usr/lib/python3.10/runpy.py", line 86, in _run_code
    exec(code, run_globals)
  File "/root/Echelon/valentrix/mm/utils/seldon_engine/thea.py", line 43, in <module>
    from mm.utils.helpers.wintermute import (
ImportError: cannot import name 'get_logger' from 'mm.utils.helpers.wintermute' (/root/Echelon/valentrix/mm/utils/helpers/wintermute.py)
Traceback (most recent call last):
  File "/usr/lib/python3.10/runpy.py", line 196, in _run_module_as_main
    return _run_code(code, main_globals, None,
  File "/usr/lib/python3.10/runpy.py", line 86, in _run_code
    exec(code, run_globals)
  File "/root/Echelon/valentrix/mm/utils/seldon_engine/thea.py", line 43, in <module>
    from mm.utils.helpers.wintermute import (
ImportError: cannot import name 'get_logger' from 'mm.utils.helpers.wintermute' (/root/Echelon/valentrix/mm/utils/helpers/wintermute.py)
2025-09-24 10:22:21    [ Thea ] [INFO] ======================================================================
2025-09-24 10:22:21    [ Thea ] [INFO] ======================================================================
2025-09-24 10:22:21    [ Thea ] [INFO] [INIT] THEA starting as persistent background process
2025-09-24 10:22:21    [ Thea ] [INFO] [INIT] THEA starting as persistent background process
2025-09-24 10:22:21    [ Thea ] [INFO] [CONFIG] Capture interval: 300s
2025-09-24 10:22:21    [ Thea ] [INFO] [CONFIG] Capture interval: 300s
2025-09-24 10:22:21    [ Thea ] [INFO] [CONFIG] Volume range: 3,000,000 - 200,000,000 USDT
2025-09-24 10:22:21    [ Thea ] [INFO] [CONFIG] Volume range: 3,000,000 - 200,000,000 USDT
2025-09-24 10:22:21    [ Thea ] [INFO] [CONFIG] Minimum maturity: 7 days
2025-09-24 10:22:21    [ Thea ] [INFO] [CONFIG] Minimum maturity: 7 days
Traceback (most recent call last):
  File "/root/Echelon/valentrix/mm/utils/helpers/wintermute.py", line 961, in write_pid_file
    log.info(f"PID {os.getpid()} written to {filepath}")
NameError: name 'log' is not defined

During handling of the above exception, another exception occurred:

Traceback (most recent call last):
  File "/usr/lib/python3.10/runpy.py", line 196, in _run_module_as_main
    return _run_code(code, main_globals, None,
  File "/usr/lib/python3.10/runpy.py", line 86, in _run_code
    exec(code, run_globals)
  File "/root/Echelon/valentrix/mm/utils/seldon_engine/thea.py", line 526, in <module>
    collector.run()
  File "/root/Echelon/valentrix/mm/utils/seldon_engine/thea.py", line 488, in run
    write_pid_file("thea")
  File "/root/Echelon/valentrix/mm/utils/helpers/wintermute.py", line 963, in write_pid_file
    log.error(f"Failed to write PID file: {e}")
NameError: name 'log' is not defined
[2025-09-24 10:23:18] ERROR: [ERROR] connection already closed
[2025-09-24 10:23:18] ERROR: [ERROR] connection already closed
2025-09-24 10:23:23    [ Thea ] [INFO] ======================================================================
2025-09-24 10:23:23    [ Thea ] [INFO] ======================================================================
2025-09-24 10:23:23    [ Thea ] [INFO] [INIT] THEA starting as persistent background process
2025-09-24 10:23:23    [ Thea ] [INFO] [INIT] THEA starting as persistent background process
2025-09-24 10:23:23    [ Thea ] [INFO] [CONFIG] Capture interval: 300s
2025-09-24 10:23:23    [ Thea ] [INFO] [CONFIG] Capture interval: 300s
2025-09-24 10:23:23    [ Thea ] [INFO] [CONFIG] Volume range: 3,000,000 - 200,000,000 USDT
2025-09-24 10:23:23    [ Thea ] [INFO] [CONFIG] Volume range: 3,000,000 - 200,000,000 USDT
2025-09-24 10:23:23    [ Thea ] [INFO] [CONFIG] Minimum maturity: 7 days
2025-09-24 10:23:23    [ Thea ] [INFO] [CONFIG] Minimum maturity: 7 days
Traceback (most recent call last):
  File "/root/Echelon/valentrix/mm/utils/helpers/wintermute.py", line 961, in write_pid_file
    log.info(f"PID {os.getpid()} written to {filepath}")
NameError: name 'log' is not defined

During handling of the above exception, another exception occurred:

Traceback (most recent call last):
  File "/usr/lib/python3.10/runpy.py", line 196, in _run_module_as_main
    return _run_code(code, main_globals, None,
  File "/usr/lib/python3.10/runpy.py", line 86, in _run_code
    exec(code, run_globals)
  File "/root/Echelon/valentrix/mm/utils/seldon_engine/thea.py", line 526, in <module>
    collector.run()
  File "/root/Echelon/valentrix/mm/utils/seldon_engine/thea.py", line 488, in run
    write_pid_file("thea")
  File "/root/Echelon/valentrix/mm/utils/helpers/wintermute.py", line 963, in write_pid_file
    log.error(f"Failed to write PID file: {e}")
NameError: name 'log' is not defined
2025-09-24 10:24:39    [ Thea ] [INFO] ======================================================================
2025-09-24 10:24:39    [ Thea ] [INFO] [INIT] THEA starting as persistent background process
2025-09-24 10:24:39    [ Thea ] [INFO] [CONFIG] Capture interval: 300s
2025-09-24 10:24:39    [ Thea ] [INFO] [CONFIG] Volume range: 3,000,000 - 200,000,000 USDT
2025-09-24 10:24:39    [ Thea ] [INFO] [CONFIG] Minimum maturity: 7 days
2025-09-24 10:24:53    [ Thea ] [INFO] ======================================================================
2025-09-24 10:24:53    [ Thea ] [INFO] ======================================================================
2025-09-24 10:24:53    [ Thea ] [INFO] [INIT] THEA starting as persistent background process
2025-09-24 10:24:53    [ Thea ] [INFO] [INIT] THEA starting as persistent background process
2025-09-24 10:24:53    [ Thea ] [INFO] [CONFIG] Capture interval: 300s
2025-09-24 10:24:53    [ Thea ] [INFO] [CONFIG] Capture interval: 300s
2025-09-24 10:24:53    [ Thea ] [INFO] [CONFIG] Volume range: 3,000,000 - 200,000,000 USDT
2025-09-24 10:24:53    [ Thea ] [INFO] [CONFIG] Volume range: 3,000,000 - 200,000,000 USDT
2025-09-24 10:24:53    [ Thea ] [INFO] [CONFIG] Minimum maturity: 7 days
2025-09-24 10:24:53    [ Thea ] [INFO] [CONFIG] Minimum maturity: 7 days
Traceback (most recent call last):
  File "/root/Echelon/valentrix/mm/utils/helpers/wintermute.py", line 961, in write_pid_file
    log.info(f"PID {os.getpid()} written to {filepath}")
NameError: name 'log' is not defined

During handling of the above exception, another exception occurred:

Traceback (most recent call last):
  File "/usr/lib/python3.10/runpy.py", line 196, in _run_module_as_main
    return _run_code(code, main_globals, None,
  File "/usr/lib/python3.10/runpy.py", line 86, in _run_code
    exec(code, run_globals)
  File "/root/Echelon/valentrix/mm/utils/seldon_engine/thea.py", line 526, in <module>
    collector.run()
  File "/root/Echelon/valentrix/mm/utils/seldon_engine/thea.py", line 488, in run
    write_pid_file("thea")
  File "/root/Echelon/valentrix/mm/utils/helpers/wintermute.py", line 963, in write_pid_file
    log.error(f"Failed to write PID file: {e}")
NameError: name 'log' is not defined
2025-09-24 10:26:23    [ Thea ] [INFO] ======================================================================
2025-09-24 10:26:23    [ Thea ] [INFO] ======================================================================
2025-09-24 10:26:23    [ Thea ] [INFO] [INIT] THEA starting as persistent background process
2025-09-24 10:26:23    [ Thea ] [INFO] [INIT] THEA starting as persistent background process
2025-09-24 10:26:23    [ Thea ] [INFO] [CONFIG] Capture interval: 300s
2025-09-24 10:26:23    [ Thea ] [INFO] [CONFIG] Capture interval: 300s
2025-09-24 10:26:23    [ Thea ] [INFO] [CONFIG] Volume range: 3,000,000 - 200,000,000 USDT
2025-09-24 10:26:23    [ Thea ] [INFO] [CONFIG] Volume range: 3,000,000 - 200,000,000 USDT
2025-09-24 10:26:23    [ Thea ] [INFO] [CONFIG] Minimum maturity: 7 days
2025-09-24 10:26:23    [ Thea ] [INFO] [CONFIG] Minimum maturity: 7 days
Traceback (most recent call last):
  File "/root/Echelon/valentrix/mm/utils/helpers/wintermute.py", line 961, in write_pid_file
    log.info(f"PID {os.getpid()} written to {filepath}")
NameError: name 'log' is not defined

During handling of the above exception, another exception occurred:

Traceback (most recent call last):
  File "/usr/lib/python3.10/runpy.py", line 196, in _run_module_as_main
    return _run_code(code, main_globals, None,
  File "/usr/lib/python3.10/runpy.py", line 86, in _run_code
    exec(code, run_globals)
  File "/root/Echelon/valentrix/mm/utils/seldon_engine/thea.py", line 526, in <module>
    collector.run()
  File "/root/Echelon/valentrix/mm/utils/seldon_engine/thea.py", line 488, in run
    write_pid_file("thea")
  File "/root/Echelon/valentrix/mm/utils/helpers/wintermute.py", line 963, in write_pid_file
    log.error(f"Failed to write PID file: {e}")
NameError: name 'log' is not defined
2025-09-24 10:27:53    [ Thea ] [INFO] ======================================================================
2025-09-24 10:27:53    [ Thea ] [INFO] ======================================================================
2025-09-24 10:27:53    [ Thea ] [INFO] [INIT] THEA starting as persistent background process
2025-09-24 10:27:53    [ Thea ] [INFO] [INIT] THEA starting as persistent background process
2025-09-24 10:27:53    [ Thea ] [INFO] [CONFIG] Capture interval: 300s
2025-09-24 10:27:53    [ Thea ] [INFO] [CONFIG] Capture interval: 300s
2025-09-24 10:27:53    [ Thea ] [INFO] [CONFIG] Volume range: 3,000,000 - 200,000,000 USDT
2025-09-24 10:27:53    [ Thea ] [INFO] [CONFIG] Volume range: 3,000,000 - 200,000,000 USDT
2025-09-24 10:27:53    [ Thea ] [INFO] [CONFIG] Minimum maturity: 7 days
2025-09-24 10:27:53    [ Thea ] [INFO] [CONFIG] Minimum maturity: 7 days
Traceback (most recent call last):
  File "/root/Echelon/valentrix/mm/utils/helpers/wintermute.py", line 961, in write_pid_file
    log.info(f"PID {os.getpid()} written to {filepath}")
NameError: name 'log' is not defined

During handling of the above exception, another exception occurred:

Traceback (most recent call last):
  File "/usr/lib/python3.10/runpy.py", line 196, in _run_module_as_main
    return _run_code(code, main_globals, None,
  File "/usr/lib/python3.10/runpy.py", line 86, in _run_code
    exec(code, run_globals)
  File "/root/Echelon/valentrix/mm/utils/seldon_engine/thea.py", line 526, in <module>
    collector.run()
  File "/root/Echelon/valentrix/mm/utils/seldon_engine/thea.py", line 488, in run
    write_pid_file("thea")
  File "/root/Echelon/valentrix/mm/utils/helpers/wintermute.py", line 963, in write_pid_file
    log.error(f"Failed to write PID file: {e}")
NameError: name 'log' is not defined
[2025-09-24 10:28:18] ERROR: [ERROR] connection already closed
[2025-09-24 10:28:18] ERROR: [ERROR] connection already closed
2025-09-24 10:29:23    [ Thea ] [INFO] ======================================================================
2025-09-24 10:29:23    [ Thea ] [INFO] ======================================================================
2025-09-24 10:29:23    [ Thea ] [INFO] [INIT] THEA starting as persistent background process
2025-09-24 10:29:23    [ Thea ] [INFO] [INIT] THEA starting as persistent background process
2025-09-24 10:29:23    [ Thea ] [INFO] [CONFIG] Capture interval: 300s
2025-09-24 10:29:23    [ Thea ] [INFO] [CONFIG] Capture interval: 300s
2025-09-24 10:29:23    [ Thea ] [INFO] [CONFIG] Volume range: 3,000,000 - 200,000,000 USDT
2025-09-24 10:29:23    [ Thea ] [INFO] [CONFIG] Volume range: 3,000,000 - 200,000,000 USDT
2025-09-24 10:29:23    [ Thea ] [INFO] [CONFIG] Minimum maturity: 7 days
2025-09-24 10:29:23    [ Thea ] [INFO] [CONFIG] Minimum maturity: 7 days
Traceback (most recent call last):
  File "/root/Echelon/valentrix/mm/utils/helpers/wintermute.py", line 961, in write_pid_file
    log.info(f"PID {os.getpid()} written to {filepath}")
NameError: name 'log' is not defined

During handling of the above exception, another exception occurred:

Traceback (most recent call last):
  File "/usr/lib/python3.10/runpy.py", line 196, in _run_module_as_main
    return _run_code(code, main_globals, None,
  File "/usr/lib/python3.10/runpy.py", line 86, in _run_code
    exec(code, run_globals)
  File "/root/Echelon/valentrix/mm/utils/seldon_engine/thea.py", line 526, in <module>
    collector.run()
  File "/root/Echelon/valentrix/mm/utils/seldon_engine/thea.py", line 488, in run
    write_pid_file("thea")
  File "/root/Echelon/valentrix/mm/utils/helpers/wintermute.py", line 963, in write_pid_file
    log.error(f"Failed to write PID file: {e}")
NameError: name 'log' is not defined
2025-09-24 10:30:54    [ Thea ] [INFO] ======================================================================
2025-09-24 10:30:54    [ Thea ] [INFO] ======================================================================
2025-09-24 10:30:54    [ Thea ] [INFO] [INIT] THEA starting as persistent background process
2025-09-24 10:30:54    [ Thea ] [INFO] [INIT] THEA starting as persistent background process
2025-09-24 10:30:54    [ Thea ] [INFO] [CONFIG] Capture interval: 300s
2025-09-24 10:30:54    [ Thea ] [INFO] [CONFIG] Capture interval: 300s
2025-09-24 10:30:54    [ Thea ] [INFO] [CONFIG] Volume range: 3,000,000 - 200,000,000 USDT
2025-09-24 10:30:54    [ Thea ] [INFO] [CONFIG] Volume range: 3,000,000 - 200,000,000 USDT
2025-09-24 10:30:54    [ Thea ] [INFO] [CONFIG] Minimum maturity: 7 days
2025-09-24 10:30:54    [ Thea ] [INFO] [CONFIG] Minimum maturity: 7 days
Traceback (most recent call last):
  File "/root/Echelon/valentrix/mm/utils/helpers/wintermute.py", line 961, in write_pid_file
    log.info(f"PID {os.getpid()} written to {filepath}")
NameError: name 'log' is not defined

During handling of the above exception, another exception occurred:

Traceback (most recent call last):
  File "/usr/lib/python3.10/runpy.py", line 196, in _run_module_as_main
    return _run_code(code, main_globals, None,
  File "/usr/lib/python3.10/runpy.py", line 86, in _run_code
    exec(code, run_globals)
  File "/root/Echelon/valentrix/mm/utils/seldon_engine/thea.py", line 526, in <module>
    collector.run()
  File "/root/Echelon/valentrix/mm/utils/seldon_engine/thea.py", line 488, in run
    write_pid_file("thea")
  File "/root/Echelon/valentrix/mm/utils/helpers/wintermute.py", line 963, in write_pid_file
    log.error(f"Failed to write PID file: {e}")
NameError: name 'log' is not defined
2025-09-24 10:32:24    [ Thea ] [INFO] ======================================================================
2025-09-24 10:32:24    [ Thea ] [INFO] ======================================================================
2025-09-24 10:32:24    [ Thea ] [INFO] [INIT] THEA starting as persistent background process
2025-09-24 10:32:24    [ Thea ] [INFO] [INIT] THEA starting as persistent background process
2025-09-24 10:32:24    [ Thea ] [INFO] [CONFIG] Capture interval: 300s
2025-09-24 10:32:24    [ Thea ] [INFO] [CONFIG] Capture interval: 300s
2025-09-24 10:32:24    [ Thea ] [INFO] [CONFIG] Volume range: 3,000,000 - 200,000,000 USDT
2025-09-24 10:32:24    [ Thea ] [INFO] [CONFIG] Volume range: 3,000,000 - 200,000,000 USDT
2025-09-24 10:32:24    [ Thea ] [INFO] [CONFIG] Minimum maturity: 7 days
2025-09-24 10:32:24    [ Thea ] [INFO] [CONFIG] Minimum maturity: 7 days
Traceback (most recent call last):
  File "/root/Echelon/valentrix/mm/utils/helpers/wintermute.py", line 961, in write_pid_file
    log.info(f"PID {os.getpid()} written to {filepath}")
NameError: name 'log' is not defined

During handling of the above exception, another exception occurred:

Traceback (most recent call last):
  File "/usr/lib/python3.10/runpy.py", line 196, in _run_module_as_main
    return _run_code(code, main_globals, None,
  File "/usr/lib/python3.10/runpy.py", line 86, in _run_code
    exec(code, run_globals)
  File "/root/Echelon/valentrix/mm/utils/seldon_engine/thea.py", line 526, in <module>
    collector.run()
  File "/root/Echelon/valentrix/mm/utils/seldon_engine/thea.py", line 488, in run
    write_pid_file("thea")
  File "/root/Echelon/valentrix/mm/utils/helpers/wintermute.py", line 963, in write_pid_file
    log.error(f"Failed to write PID file: {e}")
NameError: name 'log' is not defined
[2025-09-24 10:33:18] ERROR: [ERROR] connection already closed
[2025-09-24 10:33:18] ERROR: [ERROR] connection already closed
2025-09-24 10:33:54    [ Thea ] [INFO] ======================================================================
2025-09-24 10:33:54    [ Thea ] [INFO] ======================================================================
2025-09-24 10:33:54    [ Thea ] [INFO] [INIT] THEA starting as persistent background process
2025-09-24 10:33:54    [ Thea ] [INFO] [INIT] THEA starting as persistent background process
2025-09-24 10:33:54    [ Thea ] [INFO] [CONFIG] Capture interval: 300s
2025-09-24 10:33:54    [ Thea ] [INFO] [CONFIG] Capture interval: 300s
2025-09-24 10:33:54    [ Thea ] [INFO] [CONFIG] Volume range: 3,000,000 - 200,000,000 USDT
2025-09-24 10:33:54    [ Thea ] [INFO] [CONFIG] Volume range: 3,000,000 - 200,000,000 USDT
2025-09-24 10:33:54    [ Thea ] [INFO] [CONFIG] Minimum maturity: 7 days
2025-09-24 10:33:54    [ Thea ] [INFO] [CONFIG] Minimum maturity: 7 days
Traceback (most recent call last):
  File "/root/Echelon/valentrix/mm/utils/helpers/wintermute.py", line 961, in write_pid_file
    log.info(f"PID {os.getpid()} written to {filepath}")
NameError: name 'log' is not defined

During handling of the above exception, another exception occurred:

Traceback (most recent call last):
  File "/usr/lib/python3.10/runpy.py", line 196, in _run_module_as_main
    return _run_code(code, main_globals, None,
  File "/usr/lib/python3.10/runpy.py", line 86, in _run_code
    exec(code, run_globals)
  File "/root/Echelon/valentrix/mm/utils/seldon_engine/thea.py", line 526, in <module>
    collector.run()
  File "/root/Echelon/valentrix/mm/utils/seldon_engine/thea.py", line 488, in run
    write_pid_file("thea")
  File "/root/Echelon/valentrix/mm/utils/helpers/wintermute.py", line 963, in write_pid_file
    log.error(f"Failed to write PID file: {e}")
NameError: name 'log' is not defined
2025-09-24 10:34:59    [ Thea ] [INFO] ======================================================================
2025-09-24 10:34:59    [ Thea ] [INFO] ======================================================================
2025-09-24 10:34:59    [ Thea ] [INFO] [INIT] THEA starting as persistent background process
2025-09-24 10:34:59    [ Thea ] [INFO] [INIT] THEA starting as persistent background process
2025-09-24 10:34:59    [ Thea ] [INFO] [CONFIG] Capture interval: 300s
2025-09-24 10:34:59    [ Thea ] [INFO] [CONFIG] Capture interval: 300s
2025-09-24 10:34:59    [ Thea ] [INFO] [CONFIG] Volume range: 3,000,000 - 200,000,000 USDT
2025-09-24 10:34:59    [ Thea ] [INFO] [CONFIG] Volume range: 3,000,000 - 200,000,000 USDT
2025-09-24 10:34:59    [ Thea ] [INFO] [CONFIG] Minimum maturity: 7 days
2025-09-24 10:34:59    [ Thea ] [INFO] [CONFIG] Minimum maturity: 7 days
Traceback (most recent call last):
  File "/root/Echelon/valentrix/mm/utils/helpers/wintermute.py", line 961, in write_pid_file
    log.info(f"PID {os.getpid()} written to {filepath}")
NameError: name 'log' is not defined

During handling of the above exception, another exception occurred:

Traceback (most recent call last):
  File "/usr/lib/python3.10/runpy.py", line 196, in _run_module_as_main
    return _run_code(code, main_globals, None,
  File "/usr/lib/python3.10/runpy.py", line 86, in _run_code
    exec(code, run_globals)
  File "/root/Echelon/valentrix/mm/utils/seldon_engine/thea.py", line 531, in <module>
    collector.run()
  File "/root/Echelon/valentrix/mm/utils/seldon_engine/thea.py", line 493, in run
    write_pid_file(PID_FILE)
  File "/root/Echelon/valentrix/mm/utils/helpers/wintermute.py", line 963, in write_pid_file
    log.error(f"Failed to write PID file: {e}")
NameError: name 'log' is not defined
2025-09-24 10:36:00    [ Thea ] [INFO] ======================================================================
2025-09-24 10:36:00    [ Thea ] [INFO] ======================================================================
2025-09-24 10:36:00    [ Thea ] [INFO] [INIT] THEA starting as persistent background process
2025-09-24 10:36:00    [ Thea ] [INFO] [INIT] THEA starting as persistent background process
2025-09-24 10:36:00    [ Thea ] [INFO] [CONFIG] Capture interval: 300s
2025-09-24 10:36:00    [ Thea ] [INFO] [CONFIG] Capture interval: 300s
2025-09-24 10:36:00    [ Thea ] [INFO] [CONFIG] Volume range: 3,000,000 - 200,000,000 USDT
2025-09-24 10:36:00    [ Thea ] [INFO] [CONFIG] Volume range: 3,000,000 - 200,000,000 USDT
2025-09-24 10:36:00    [ Thea ] [INFO] [CONFIG] Minimum maturity: 7 days
2025-09-24 10:36:00    [ Thea ] [INFO] [CONFIG] Minimum maturity: 7 days
Traceback (most recent call last):
  File "/root/Echelon/valentrix/mm/utils/helpers/wintermute.py", line 961, in write_pid_file
    log.info(f"PID {os.getpid()} written to {filepath}")
NameError: name 'log' is not defined

During handling of the above exception, another exception occurred:

Traceback (most recent call last):
  File "/usr/lib/python3.10/runpy.py", line 196, in _run_module_as_main
    return _run_code(code, main_globals, None,
  File "/usr/lib/python3.10/runpy.py", line 86, in _run_code
    exec(code, run_globals)
  File "/root/Echelon/valentrix/mm/utils/seldon_engine/thea.py", line 531, in <module>
    collector.run()
  File "/root/Echelon/valentrix/mm/utils/seldon_engine/thea.py", line 493, in run
    write_pid_file(PID_FILE)
  File "/root/Echelon/valentrix/mm/utils/helpers/wintermute.py", line 963, in write_pid_file
    log.error(f"Failed to write PID file: {e}")
NameError: name 'log' is not defined
2025-09-24 10:37:30    [ Thea ] [INFO] ======================================================================
2025-09-24 10:37:30    [ Thea ] [INFO] ======================================================================
2025-09-24 10:37:30    [ Thea ] [INFO] [INIT] THEA starting as persistent background process
2025-09-24 10:37:30    [ Thea ] [INFO] [INIT] THEA starting as persistent background process
2025-09-24 10:37:30    [ Thea ] [INFO] [CONFIG] Capture interval: 300s
2025-09-24 10:37:30    [ Thea ] [INFO] [CONFIG] Capture interval: 300s
2025-09-24 10:37:30    [ Thea ] [INFO] [CONFIG] Volume range: 3,000,000 - 200,000,000 USDT
2025-09-24 10:37:30    [ Thea ] [INFO] [CONFIG] Volume range: 3,000,000 - 200,000,000 USDT
2025-09-24 10:37:30    [ Thea ] [INFO] [CONFIG] Minimum maturity: 7 days
2025-09-24 10:37:30    [ Thea ] [INFO] [CONFIG] Minimum maturity: 7 days
Traceback (most recent call last):
  File "/root/Echelon/valentrix/mm/utils/helpers/wintermute.py", line 961, in write_pid_file
    log.info(f"PID {os.getpid()} written to {filepath}")
NameError: name 'log' is not defined

During handling of the above exception, another exception occurred:

Traceback (most recent call last):
  File "/usr/lib/python3.10/runpy.py", line 196, in _run_module_as_main
    return _run_code(code, main_globals, None,
  File "/usr/lib/python3.10/runpy.py", line 86, in _run_code
    exec(code, run_globals)
  File "/root/Echelon/valentrix/mm/utils/seldon_engine/thea.py", line 531, in <module>
    collector.run()
  File "/root/Echelon/valentrix/mm/utils/seldon_engine/thea.py", line 493, in run
    write_pid_file(PID_FILE)
  File "/root/Echelon/valentrix/mm/utils/helpers/wintermute.py", line 963, in write_pid_file
    log.error(f"Failed to write PID file: {e}")
NameError: name 'log' is not defined
2025-09-24 10:38:06    [ Thea ] [INFO] ======================================================================
2025-09-24 10:38:06    [ Thea ] [INFO] ======================================================================
2025-09-24 10:38:06    [ Thea ] [INFO] [INIT] THEA starting as persistent background process
2025-09-24 10:38:06    [ Thea ] [INFO] [INIT] THEA starting as persistent background process
2025-09-24 10:38:06    [ Thea ] [INFO] [CONFIG] Capture interval: 300s
2025-09-24 10:38:06    [ Thea ] [INFO] [CONFIG] Capture interval: 300s
2025-09-24 10:38:06    [ Thea ] [INFO] [CONFIG] Volume range: 3,000,000 - 200,000,000 USDT
2025-09-24 10:38:06    [ Thea ] [INFO] [CONFIG] Volume range: 3,000,000 - 200,000,000 USDT
2025-09-24 10:38:06    [ Thea ] [INFO] [CONFIG] Minimum maturity: 7 days
2025-09-24 10:38:06    [ Thea ] [INFO] [CONFIG] Minimum maturity: 7 days
Traceback (most recent call last):
  File "/root/Echelon/valentrix/mm/utils/helpers/wintermute.py", line 961, in write_pid_file
    log.info(f"PID {os.getpid()} written to {filepath}")
NameError: name 'log' is not defined

During handling of the above exception, another exception occurred:

Traceback (most recent call last):
  File "/usr/lib/python3.10/runpy.py", line 196, in _run_module_as_main
    return _run_code(code, main_globals, None,
  File "/usr/lib/python3.10/runpy.py", line 86, in _run_code
    exec(code, run_globals)
  File "/root/Echelon/valentrix/mm/utils/seldon_engine/thea.py", line 531, in <module>
    collector.run()
  File "/root/Echelon/valentrix/mm/utils/seldon_engine/thea.py", line 493, in run
    write_pid_file(PID_FILE)
  File "/root/Echelon/valentrix/mm/utils/helpers/wintermute.py", line 963, in write_pid_file
    log.error(f"Failed to write PID file: {e}")
NameError: name 'log' is not defined
[2025-09-24 10:38:19] ERROR: [ERROR] connection already closed
[2025-09-24 10:38:19] ERROR: [ERROR] connection already closed
2025-09-24 10:39:41    [ Thea ] [INFO] ======================================================================
2025-09-24 10:39:41    [ Thea ] [INFO] ======================================================================
2025-09-24 10:39:41    [ Thea ] [INFO] [INIT] THEA starting as persistent background process
2025-09-24 10:39:41    [ Thea ] [INFO] [INIT] THEA starting as persistent background process
2025-09-24 10:39:41    [ Thea ] [INFO] [CONFIG] Capture interval: 300s
2025-09-24 10:39:41    [ Thea ] [INFO] [CONFIG] Capture interval: 300s
2025-09-24 10:39:41    [ Thea ] [INFO] [CONFIG] Volume range: 3,000,000 - 200,000,000 USDT
2025-09-24 10:39:41    [ Thea ] [INFO] [CONFIG] Volume range: 3,000,000 - 200,000,000 USDT
2025-09-24 10:39:41    [ Thea ] [INFO] [CONFIG] Minimum maturity: 7 days
2025-09-24 10:39:41    [ Thea ] [INFO] [CONFIG] Minimum maturity: 7 days
Traceback (most recent call last):
  File "/root/Echelon/valentrix/mm/utils/helpers/wintermute.py", line 961, in write_pid_file
    log.info(f"PID {os.getpid()} written to {filepath}")
NameError: name 'log' is not defined

During handling of the above exception, another exception occurred:

Traceback (most recent call last):
  File "/usr/lib/python3.10/runpy.py", line 196, in _run_module_as_main
    return _run_code(code, main_globals, None,
  File "/usr/lib/python3.10/runpy.py", line 86, in _run_code
    exec(code, run_globals)
  File "/root/Echelon/valentrix/mm/utils/seldon_engine/thea.py", line 531, in <module>
    collector.run()
  File "/root/Echelon/valentrix/mm/utils/seldon_engine/thea.py", line 493, in run
    write_pid_file(PID_FILE)
  File "/root/Echelon/valentrix/mm/utils/helpers/wintermute.py", line 963, in write_pid_file
    log.error(f"Failed to write PID file: {e}")
NameError: name 'log' is not defined
2025-09-24 10:41:05    [ Thea ] [INFO] ======================================================================
2025-09-24 10:41:05    [ Thea ] [INFO] [INIT] THEA starting as persistent background process
2025-09-24 10:41:05    [ Thea ] [INFO] [CONFIG] Capture interval: 300s
2025-09-24 10:41:05    [ Thea ] [INFO] [CONFIG] Volume range: 3,000,000 - 200,000,000 USDT
2025-09-24 10:41:05    [ Thea ] [INFO] [CONFIG] Minimum maturity: 7 days
2025-09-24 10:41:11    [ Thea ] [INFO] ======================================================================
2025-09-24 10:41:11    [ Thea ] [INFO] ======================================================================
2025-09-24 10:41:11    [ Thea ] [INFO] [INIT] THEA starting as persistent background process
2025-09-24 10:41:11    [ Thea ] [INFO] [INIT] THEA starting as persistent background process
2025-09-24 10:41:11    [ Thea ] [INFO] [CONFIG] Capture interval: 300s
2025-09-24 10:41:11    [ Thea ] [INFO] [CONFIG] Capture interval: 300s
2025-09-24 10:41:11    [ Thea ] [INFO] [CONFIG] Volume range: 3,000,000 - 200,000,000 USDT
2025-09-24 10:41:11    [ Thea ] [INFO] [CONFIG] Volume range: 3,000,000 - 200,000,000 USDT
2025-09-24 10:41:11    [ Thea ] [INFO] [CONFIG] Minimum maturity: 7 days
2025-09-24 10:41:11    [ Thea ] [INFO] [CONFIG] Minimum maturity: 7 days
Traceback (most recent call last):
  File "/root/Echelon/valentrix/mm/utils/helpers/wintermute.py", line 961, in write_pid_file
    log.info(f"PID {os.getpid()} written to {filepath}")
NameError: name 'log' is not defined

During handling of the above exception, another exception occurred:

Traceback (most recent call last):
  File "/usr/lib/python3.10/runpy.py", line 196, in _run_module_as_main
    return _run_code(code, main_globals, None,
  File "/usr/lib/python3.10/runpy.py", line 86, in _run_code
    exec(code, run_globals)
  File "/root/Echelon/valentrix/mm/utils/seldon_engine/thea.py", line 531, in <module>
    collector.run()
  File "/root/Echelon/valentrix/mm/utils/seldon_engine/thea.py", line 493, in run
    write_pid_file(PID_FILE)
  File "/root/Echelon/valentrix/mm/utils/helpers/wintermute.py", line 963, in write_pid_file
    log.error(f"Failed to write PID file: {e}")
NameError: name 'log' is not defined
2025-09-24 10:42:42    [ Thea ] [INFO] ======================================================================
2025-09-24 10:42:42    [ Thea ] [INFO] ======================================================================
2025-09-24 10:42:42    [ Thea ] [INFO] [INIT] THEA starting as persistent background process
2025-09-24 10:42:42    [ Thea ] [INFO] [INIT] THEA starting as persistent background process
2025-09-24 10:42:42    [ Thea ] [INFO] [CONFIG] Capture interval: 300s
2025-09-24 10:42:42    [ Thea ] [INFO] [CONFIG] Capture interval: 300s
2025-09-24 10:42:42    [ Thea ] [INFO] [CONFIG] Volume range: 3,000,000 - 200,000,000 USDT
2025-09-24 10:42:42    [ Thea ] [INFO] [CONFIG] Volume range: 3,000,000 - 200,000,000 USDT
2025-09-24 10:42:42    [ Thea ] [INFO] [CONFIG] Minimum maturity: 7 days
2025-09-24 10:42:42    [ Thea ] [INFO] [CONFIG] Minimum maturity: 7 days
Traceback (most recent call last):
  File "/root/Echelon/valentrix/mm/utils/helpers/wintermute.py", line 961, in write_pid_file
    log.info(f"PID {os.getpid()} written to {filepath}")
NameError: name 'log' is not defined

During handling of the above exception, another exception occurred:

Traceback (most recent call last):
  File "/usr/lib/python3.10/runpy.py", line 196, in _run_module_as_main
    return _run_code(code, main_globals, None,
  File "/usr/lib/python3.10/runpy.py", line 86, in _run_code
    exec(code, run_globals)
  File "/root/Echelon/valentrix/mm/utils/seldon_engine/thea.py", line 531, in <module>
    collector.run()
  File "/root/Echelon/valentrix/mm/utils/seldon_engine/thea.py", line 493, in run
    write_pid_file(PID_FILE)
  File "/root/Echelon/valentrix/mm/utils/helpers/wintermute.py", line 963, in write_pid_file
    log.error(f"Failed to write PID file: {e}")
NameError: name 'log' is not defined
[2025-09-24 10:43:19] ERROR: [ERROR] connection already closed
[2025-09-24 10:43:19] ERROR: [ERROR] connection already closed
2025-09-24 10:44:12    [ Thea ] [INFO] ======================================================================
2025-09-24 10:44:12    [ Thea ] [INFO] ======================================================================
2025-09-24 10:44:12    [ Thea ] [INFO] [INIT] THEA starting as persistent background process
2025-09-24 10:44:12    [ Thea ] [INFO] [INIT] THEA starting as persistent background process
2025-09-24 10:44:12    [ Thea ] [INFO] [CONFIG] Capture interval: 300s
2025-09-24 10:44:12    [ Thea ] [INFO] [CONFIG] Capture interval: 300s
2025-09-24 10:44:12    [ Thea ] [INFO] [CONFIG] Volume range: 3,000,000 - 200,000,000 USDT
2025-09-24 10:44:12    [ Thea ] [INFO] [CONFIG] Volume range: 3,000,000 - 200,000,000 USDT
2025-09-24 10:44:12    [ Thea ] [INFO] [CONFIG] Minimum maturity: 7 days
2025-09-24 10:44:12    [ Thea ] [INFO] [CONFIG] Minimum maturity: 7 days
Traceback (most recent call last):
  File "/root/Echelon/valentrix/mm/utils/helpers/wintermute.py", line 961, in write_pid_file
    log.info(f"PID {os.getpid()} written to {filepath}")
NameError: name 'log' is not defined

During handling of the above exception, another exception occurred:

Traceback (most recent call last):
  File "/usr/lib/python3.10/runpy.py", line 196, in _run_module_as_main
    return _run_code(code, main_globals, None,
  File "/usr/lib/python3.10/runpy.py", line 86, in _run_code
    exec(code, run_globals)
  File "/root/Echelon/valentrix/mm/utils/seldon_engine/thea.py", line 531, in <module>
    collector.run()
  File "/root/Echelon/valentrix/mm/utils/seldon_engine/thea.py", line 493, in run
    write_pid_file(PID_FILE)
  File "/root/Echelon/valentrix/mm/utils/helpers/wintermute.py", line 963, in write_pid_file
    log.error(f"Failed to write PID file: {e}")
NameError: name 'log' is not defined
2025-09-24 10:45:42    [ Thea ] [INFO] ======================================================================
2025-09-24 10:45:42    [ Thea ] [INFO] ======================================================================
2025-09-24 10:45:42    [ Thea ] [INFO] [INIT] THEA starting as persistent background process
2025-09-24 10:45:42    [ Thea ] [INFO] [INIT] THEA starting as persistent background process
2025-09-24 10:45:42    [ Thea ] [INFO] [CONFIG] Capture interval: 300s
2025-09-24 10:45:42    [ Thea ] [INFO] [CONFIG] Capture interval: 300s
2025-09-24 10:45:42    [ Thea ] [INFO] [CONFIG] Volume range: 3,000,000 - 200,000,000 USDT
2025-09-24 10:45:42    [ Thea ] [INFO] [CONFIG] Volume range: 3,000,000 - 200,000,000 USDT
2025-09-24 10:45:42    [ Thea ] [INFO] [CONFIG] Minimum maturity: 7 days
2025-09-24 10:45:42    [ Thea ] [INFO] [CONFIG] Minimum maturity: 7 days
Traceback (most recent call last):
  File "/root/Echelon/valentrix/mm/utils/helpers/wintermute.py", line 961, in write_pid_file
    log.info(f"PID {os.getpid()} written to {filepath}")
NameError: name 'log' is not defined

During handling of the above exception, another exception occurred:

Traceback (most recent call last):
  File "/usr/lib/python3.10/runpy.py", line 196, in _run_module_as_main
    return _run_code(code, main_globals, None,
  File "/usr/lib/python3.10/runpy.py", line 86, in _run_code
    exec(code, run_globals)
  File "/root/Echelon/valentrix/mm/utils/seldon_engine/thea.py", line 531, in <module>
    collector.run()
  File "/root/Echelon/valentrix/mm/utils/seldon_engine/thea.py", line 493, in run
    write_pid_file(PID_FILE)
  File "/root/Echelon/valentrix/mm/utils/helpers/wintermute.py", line 963, in write_pid_file
    log.error(f"Failed to write PID file: {e}")
NameError: name 'log' is not defined
2025-09-24 10:46:42    [ Thea ] [INFO] ======================================================================
2025-09-24 10:46:42    [ Thea ] [INFO] ======================================================================
2025-09-24 10:46:42    [ Thea ] [INFO] [INIT] THEA starting as persistent background process
2025-09-24 10:46:42    [ Thea ] [INFO] [INIT] THEA starting as persistent background process
2025-09-24 10:46:42    [ Thea ] [INFO] [CONFIG] Capture interval: 300s
2025-09-24 10:46:42    [ Thea ] [INFO] [CONFIG] Capture interval: 300s
2025-09-24 10:46:42    [ Thea ] [INFO] [CONFIG] Volume range: 3,000,000 - 200,000,000 USDT
2025-09-24 10:46:42    [ Thea ] [INFO] [CONFIG] Volume range: 3,000,000 - 200,000,000 USDT
2025-09-24 10:46:42    [ Thea ] [INFO] [CONFIG] Minimum maturity: 7 days
2025-09-24 10:46:42    [ Thea ] [INFO] [CONFIG] Minimum maturity: 7 days
Traceback (most recent call last):
  File "/root/Echelon/valentrix/mm/utils/helpers/wintermute.py", line 961, in write_pid_file
    logger.info(f"PID {os.getpid()} written to {filepath}")
NameError: name 'logger' is not defined

During handling of the above exception, another exception occurred:

Traceback (most recent call last):
  File "/usr/lib/python3.10/runpy.py", line 196, in _run_module_as_main
    return _run_code(code, main_globals, None,
  File "/usr/lib/python3.10/runpy.py", line 86, in _run_code
    exec(code, run_globals)
  File "/root/Echelon/valentrix/mm/utils/seldon_engine/thea.py", line 531, in <module>
    collector.run()
  File "/root/Echelon/valentrix/mm/utils/seldon_engine/thea.py", line 493, in run
    write_pid_file(PID_FILE)
  File "/root/Echelon/valentrix/mm/utils/helpers/wintermute.py", line 963, in write_pid_file
    logger.error(f"Failed to write PID file: {e}")
NameError: name 'logger' is not defined
2025-09-24 10:47:43    [ Thea ] [INFO] ======================================================================
2025-09-24 10:47:43    [ Thea ] [INFO] ======================================================================
2025-09-24 10:47:43    [ Thea ] [INFO] [INIT] THEA starting as persistent background process
2025-09-24 10:47:43    [ Thea ] [INFO] [INIT] THEA starting as persistent background process
2025-09-24 10:47:43    [ Thea ] [INFO] [CONFIG] Capture interval: 300s
2025-09-24 10:47:43    [ Thea ] [INFO] [CONFIG] Capture interval: 300s
2025-09-24 10:47:43    [ Thea ] [INFO] [CONFIG] Volume range: 3,000,000 - 200,000,000 USDT
2025-09-24 10:47:43    [ Thea ] [INFO] [CONFIG] Volume range: 3,000,000 - 200,000,000 USDT
2025-09-24 10:47:43    [ Thea ] [INFO] [CONFIG] Minimum maturity: 7 days
2025-09-24 10:47:43    [ Thea ] [INFO] [CONFIG] Minimum maturity: 7 days
Traceback (most recent call last):
  File "/root/Echelon/valentrix/mm/utils/helpers/wintermute.py", line 961, in write_pid_file
    logger.info(f"PID {os.getpid()} written to {filepath}")
NameError: name 'logger' is not defined

During handling of the above exception, another exception occurred:

Traceback (most recent call last):
  File "/usr/lib/python3.10/runpy.py", line 196, in _run_module_as_main
    return _run_code(code, main_globals, None,
  File "/usr/lib/python3.10/runpy.py", line 86, in _run_code
    exec(code, run_globals)
  File "/root/Echelon/valentrix/mm/utils/seldon_engine/thea.py", line 531, in <module>
    collector.run()
  File "/root/Echelon/valentrix/mm/utils/seldon_engine/thea.py", line 493, in run
    write_pid_file(PID_FILE)
  File "/root/Echelon/valentrix/mm/utils/helpers/wintermute.py", line 963, in write_pid_file
    logger.error(f"Failed to write PID file: {e}")
NameError: name 'logger' is not defined
[2025-09-24 10:48:19] ERROR: [ERROR] connection already closed
[2025-09-24 10:48:19] ERROR: [ERROR] connection already closed
2025-09-24 10:49:13    [ Thea ] [INFO] ======================================================================
2025-09-24 10:49:13    [ Thea ] [INFO] ======================================================================
2025-09-24 10:49:13    [ Thea ] [INFO] [INIT] THEA starting as persistent background process
2025-09-24 10:49:13    [ Thea ] [INFO] [INIT] THEA starting as persistent background process
2025-09-24 10:49:13    [ Thea ] [INFO] [CONFIG] Capture interval: 300s
2025-09-24 10:49:13    [ Thea ] [INFO] [CONFIG] Capture interval: 300s
2025-09-24 10:49:13    [ Thea ] [INFO] [CONFIG] Volume range: 3,000,000 - 200,000,000 USDT
2025-09-24 10:49:13    [ Thea ] [INFO] [CONFIG] Volume range: 3,000,000 - 200,000,000 USDT
2025-09-24 10:49:13    [ Thea ] [INFO] [CONFIG] Minimum maturity: 7 days
2025-09-24 10:49:13    [ Thea ] [INFO] [CONFIG] Minimum maturity: 7 days
Traceback (most recent call last):
  File "/root/Echelon/valentrix/mm/utils/helpers/wintermute.py", line 961, in write_pid_file
    logger.info(f"PID {os.getpid()} written to {filepath}")
NameError: name 'logger' is not defined

During handling of the above exception, another exception occurred:

Traceback (most recent call last):
  File "/usr/lib/python3.10/runpy.py", line 196, in _run_module_as_main
    return _run_code(code, main_globals, None,
  File "/usr/lib/python3.10/runpy.py", line 86, in _run_code
    exec(code, run_globals)
  File "/root/Echelon/valentrix/mm/utils/seldon_engine/thea.py", line 531, in <module>
    collector.run()
  File "/root/Echelon/valentrix/mm/utils/seldon_engine/thea.py", line 493, in run
    write_pid_file(PID_FILE)
  File "/root/Echelon/valentrix/mm/utils/helpers/wintermute.py", line 963, in write_pid_file
    logger.error(f"Failed to write PID file: {e}")
NameError: name 'logger' is not defined
2025-09-24 10:50:43    [ Thea ] [INFO] ======================================================================
2025-09-24 10:50:43    [ Thea ] [INFO] ======================================================================
2025-09-24 10:50:43    [ Thea ] [INFO] [INIT] THEA starting as persistent background process
2025-09-24 10:50:43    [ Thea ] [INFO] [INIT] THEA starting as persistent background process
2025-09-24 10:50:43    [ Thea ] [INFO] [CONFIG] Capture interval: 300s
2025-09-24 10:50:43    [ Thea ] [INFO] [CONFIG] Capture interval: 300s
2025-09-24 10:50:43    [ Thea ] [INFO] [CONFIG] Volume range: 3,000,000 - 200,000,000 USDT
2025-09-24 10:50:43    [ Thea ] [INFO] [CONFIG] Volume range: 3,000,000 - 200,000,000 USDT
2025-09-24 10:50:43    [ Thea ] [INFO] [CONFIG] Minimum maturity: 7 days
2025-09-24 10:50:43    [ Thea ] [INFO] [CONFIG] Minimum maturity: 7 days
Traceback (most recent call last):
  File "/root/Echelon/valentrix/mm/utils/helpers/wintermute.py", line 961, in write_pid_file
    logger.info(f"PID {os.getpid()} written to {filepath}")
NameError: name 'logger' is not defined

During handling of the above exception, another exception occurred:

Traceback (most recent call last):
  File "/usr/lib/python3.10/runpy.py", line 196, in _run_module_as_main
    return _run_code(code, main_globals, None,
  File "/usr/lib/python3.10/runpy.py", line 86, in _run_code
    exec(code, run_globals)
  File "/root/Echelon/valentrix/mm/utils/seldon_engine/thea.py", line 531, in <module>
    collector.run()
  File "/root/Echelon/valentrix/mm/utils/seldon_engine/thea.py", line 493, in run
    write_pid_file(PID_FILE)
  File "/root/Echelon/valentrix/mm/utils/helpers/wintermute.py", line 963, in write_pid_file
    logger.error(f"Failed to write PID file: {e}")
NameError: name 'logger' is not defined
2025-09-24 10:52:14    [ Thea ] [INFO] ======================================================================
2025-09-24 10:52:14    [ Thea ] [INFO] ======================================================================
2025-09-24 10:52:14    [ Thea ] [INFO] [INIT] THEA starting as persistent background process
2025-09-24 10:52:14    [ Thea ] [INFO] [INIT] THEA starting as persistent background process
2025-09-24 10:52:14    [ Thea ] [INFO] [CONFIG] Capture interval: 300s
2025-09-24 10:52:14    [ Thea ] [INFO] [CONFIG] Capture interval: 300s
2025-09-24 10:52:14    [ Thea ] [INFO] [CONFIG] Volume range: 3,000,000 - 200,000,000 USDT
2025-09-24 10:52:14    [ Thea ] [INFO] [CONFIG] Volume range: 3,000,000 - 200,000,000 USDT
2025-09-24 10:52:14    [ Thea ] [INFO] [CONFIG] Minimum maturity: 7 days
2025-09-24 10:52:14    [ Thea ] [INFO] [CONFIG] Minimum maturity: 7 days
Traceback (most recent call last):
  File "/root/Echelon/valentrix/mm/utils/helpers/wintermute.py", line 961, in write_pid_file
    logger.info(f"PID {os.getpid()} written to {filepath}")
NameError: name 'logger' is not defined

During handling of the above exception, another exception occurred:

Traceback (most recent call last):
  File "/usr/lib/python3.10/runpy.py", line 196, in _run_module_as_main
    return _run_code(code, main_globals, None,
  File "/usr/lib/python3.10/runpy.py", line 86, in _run_code
    exec(code, run_globals)
  File "/root/Echelon/valentrix/mm/utils/seldon_engine/thea.py", line 531, in <module>
    collector.run()
  File "/root/Echelon/valentrix/mm/utils/seldon_engine/thea.py", line 493, in run
    write_pid_file(PID_FILE)
  File "/root/Echelon/valentrix/mm/utils/helpers/wintermute.py", line 963, in write_pid_file
    logger.error(f"Failed to write PID file: {e}")
NameError: name 'logger' is not defined
2025-09-24 10:52:46    [ Thea ] [INFO] ======================================================================
2025-09-24 10:52:46    [ Thea ] [INFO] ======================================================================
2025-09-24 10:52:46    [ Thea ] [INFO] [INIT] THEA starting as persistent background process
2025-09-24 10:52:46    [ Thea ] [INFO] [INIT] THEA starting as persistent background process
2025-09-24 10:52:46    [ Thea ] [INFO] [CONFIG] Capture interval: 300s
2025-09-24 10:52:46    [ Thea ] [INFO] [CONFIG] Capture interval: 300s
2025-09-24 10:52:46    [ Thea ] [INFO] [CONFIG] Volume range: 3,000,000 - 200,000,000 USDT
2025-09-24 10:52:46    [ Thea ] [INFO] [CONFIG] Volume range: 3,000,000 - 200,000,000 USDT
2025-09-24 10:52:46    [ Thea ] [INFO] [CONFIG] Minimum maturity: 7 days
2025-09-24 10:52:46    [ Thea ] [INFO] [CONFIG] Minimum maturity: 7 days
Traceback (most recent call last):
  File "/root/Echelon/valentrix/mm/utils/helpers/wintermute.py", line 961, in write_pid_file
    logger.info(f"PID {os.getpid()} written to {filepath}")
NameError: name 'logger' is not defined

During handling of the above exception, another exception occurred:

Traceback (most recent call last):
  File "/usr/lib/python3.10/runpy.py", line 196, in _run_module_as_main
    return _run_code(code, main_globals, None,
  File "/usr/lib/python3.10/runpy.py", line 86, in _run_code
    exec(code, run_globals)
  File "/root/Echelon/valentrix/mm/utils/seldon_engine/thea.py", line 531, in <module>
    collector.run()
  File "/root/Echelon/valentrix/mm/utils/seldon_engine/thea.py", line 493, in run
    write_pid_file(PID_FILE)
  File "/root/Echelon/valentrix/mm/utils/helpers/wintermute.py", line 963, in write_pid_file
    logger.error(f"Failed to write PID file: {e}")
NameError: name 'logger' is not defined
2025-09-24 10:53:16    [ Thea ] [INFO] ======================================================================
2025-09-24 10:53:16    [ Thea ] [INFO] ======================================================================
2025-09-24 10:53:16    [ Thea ] [INFO] [INIT] THEA starting as persistent background process
2025-09-24 10:53:16    [ Thea ] [INFO] [INIT] THEA starting as persistent background process
2025-09-24 10:53:16    [ Thea ] [INFO] [CONFIG] Capture interval: 300s
2025-09-24 10:53:16    [ Thea ] [INFO] [CONFIG] Capture interval: 300s
2025-09-24 10:53:16    [ Thea ] [INFO] [CONFIG] Volume range: 3,000,000 - 200,000,000 USDT
2025-09-24 10:53:16    [ Thea ] [INFO] [CONFIG] Volume range: 3,000,000 - 200,000,000 USDT
2025-09-24 10:53:16    [ Thea ] [INFO] [CONFIG] Minimum maturity: 7 days
2025-09-24 10:53:16    [ Thea ] [INFO] [CONFIG] Minimum maturity: 7 days
Traceback (most recent call last):
  File "/root/Echelon/valentrix/mm/utils/helpers/wintermute.py", line 961, in write_pid_file
    logger.info(f"PID {os.getpid()} written to {filepath}")
NameError: name 'logger' is not defined

During handling of the above exception, another exception occurred:

Traceback (most recent call last):
  File "/usr/lib/python3.10/runpy.py", line 196, in _run_module_as_main
    return _run_code(code, main_globals, None,
  File "/usr/lib/python3.10/runpy.py", line 86, in _run_code
    exec(code, run_globals)
  File "/root/Echelon/valentrix/mm/utils/seldon_engine/thea.py", line 531, in <module>
    collector.run()
  File "/root/Echelon/valentrix/mm/utils/seldon_engine/thea.py", line 493, in run
    write_pid_file(PID_FILE)
  File "/root/Echelon/valentrix/mm/utils/helpers/wintermute.py", line 963, in write_pid_file
    logger.error(f"Failed to write PID file: {e}")
NameError: name 'logger' is not defined
[2025-09-24 10:53:19] ERROR: [ERROR] connection already closed
[2025-09-24 10:53:19] ERROR: [ERROR] connection already closed
2025-09-24 10:54:48    [ Thea ] [INFO] ======================================================================
2025-09-24 10:54:48    [ Thea ] [INFO] ======================================================================
2025-09-24 10:54:48    [ Thea ] [INFO] [INIT] THEA starting as persistent background process
2025-09-24 10:54:48    [ Thea ] [INFO] [INIT] THEA starting as persistent background process
2025-09-24 10:54:48    [ Thea ] [INFO] [CONFIG] Capture interval: 300s
2025-09-24 10:54:48    [ Thea ] [INFO] [CONFIG] Capture interval: 300s
2025-09-24 10:54:48    [ Thea ] [INFO] [CONFIG] Volume range: 3,000,000 - 200,000,000 USDT
2025-09-24 10:54:48    [ Thea ] [INFO] [CONFIG] Volume range: 3,000,000 - 200,000,000 USDT
2025-09-24 10:54:48    [ Thea ] [INFO] [CONFIG] Minimum maturity: 7 days
2025-09-24 10:54:48    [ Thea ] [INFO] [CONFIG] Minimum maturity: 7 days
Traceback (most recent call last):
  File "/root/Echelon/valentrix/mm/utils/helpers/wintermute.py", line 961, in write_pid_file
    logger.info(f"PID {os.getpid()} written to {filepath}")
NameError: name 'logger' is not defined

During handling of the above exception, another exception occurred:

Traceback (most recent call last):
  File "/usr/lib/python3.10/runpy.py", line 196, in _run_module_as_main
    return _run_code(code, main_globals, None,
  File "/usr/lib/python3.10/runpy.py", line 86, in _run_code
    exec(code, run_globals)
  File "/root/Echelon/valentrix/mm/utils/seldon_engine/thea.py", line 531, in <module>
    collector.run()
  File "/root/Echelon/valentrix/mm/utils/seldon_engine/thea.py", line 493, in run
    write_pid_file(PID_FILE)
  File "/root/Echelon/valentrix/mm/utils/helpers/wintermute.py", line 963, in write_pid_file
    logger.error(f"Failed to write PID file: {e}")
NameError: name 'logger' is not defined
2025-09-24 10:55:20    [ Thea ] [INFO] ======================================================================
2025-09-24 10:55:20    [ Thea ] [INFO] ======================================================================
2025-09-24 10:55:20    [ Thea ] [INFO] [INIT] THEA starting as persistent background process
2025-09-24 10:55:20    [ Thea ] [INFO] [INIT] THEA starting as persistent background process
2025-09-24 10:55:20    [ Thea ] [INFO] [CONFIG] Capture interval: 300s
2025-09-24 10:55:20    [ Thea ] [INFO] [CONFIG] Capture interval: 300s
2025-09-24 10:55:20    [ Thea ] [INFO] [CONFIG] Volume range: 3,000,000 - 200,000,000 USDT
2025-09-24 10:55:20    [ Thea ] [INFO] [CONFIG] Volume range: 3,000,000 - 200,000,000 USDT
2025-09-24 10:55:20    [ Thea ] [INFO] [CONFIG] Minimum maturity: 7 days
2025-09-24 10:55:20    [ Thea ] [INFO] [CONFIG] Minimum maturity: 7 days
Traceback (most recent call last):
  File "/root/Echelon/valentrix/mm/utils/helpers/wintermute.py", line 961, in write_pid_file
    logger.info(f"PID {os.getpid()} written to {filepath}")
NameError: name 'logger' is not defined

During handling of the above exception, another exception occurred:

Traceback (most recent call last):
  File "/usr/lib/python3.10/runpy.py", line 196, in _run_module_as_main
    return _run_code(code, main_globals, None,
  File "/usr/lib/python3.10/runpy.py", line 86, in _run_code
    exec(code, run_globals)
  File "/root/Echelon/valentrix/mm/utils/seldon_engine/thea.py", line 531, in <module>
    collector.run()
  File "/root/Echelon/valentrix/mm/utils/seldon_engine/thea.py", line 493, in run
    write_pid_file(PID_FILE)
  File "/root/Echelon/valentrix/mm/utils/helpers/wintermute.py", line 963, in write_pid_file
    logger.error(f"Failed to write PID file: {e}")
NameError: name 'logger' is not defined
2025-09-24 10:56:55    [ Thea ] [INFO] ======================================================================
2025-09-24 10:56:55    [ Thea ] [INFO] ======================================================================
2025-09-24 10:56:55    [ Thea ] [INFO] [INIT] THEA starting as persistent background process
2025-09-24 10:56:55    [ Thea ] [INFO] [INIT] THEA starting as persistent background process
2025-09-24 10:56:55    [ Thea ] [INFO] [CONFIG] Capture interval: 300s
2025-09-24 10:56:55    [ Thea ] [INFO] [CONFIG] Capture interval: 300s
2025-09-24 10:56:55    [ Thea ] [INFO] [CONFIG] Volume range: 3,000,000 - 200,000,000 USDT
2025-09-24 10:56:55    [ Thea ] [INFO] [CONFIG] Volume range: 3,000,000 - 200,000,000 USDT
2025-09-24 10:56:55    [ Thea ] [INFO] [CONFIG] Minimum maturity: 7 days
2025-09-24 10:56:55    [ Thea ] [INFO] [CONFIG] Minimum maturity: 7 days
Traceback (most recent call last):
  File "/root/Echelon/valentrix/mm/utils/helpers/wintermute.py", line 961, in write_pid_file
    logger.info(f"PID {os.getpid()} written to {filepath}")
NameError: name 'logger' is not defined

During handling of the above exception, another exception occurred:

Traceback (most recent call last):
  File "/usr/lib/python3.10/runpy.py", line 196, in _run_module_as_main
    return _run_code(code, main_globals, None,
  File "/usr/lib/python3.10/runpy.py", line 86, in _run_code
    exec(code, run_globals)
  File "/root/Echelon/valentrix/mm/utils/seldon_engine/thea.py", line 531, in <module>
    collector.run()
  File "/root/Echelon/valentrix/mm/utils/seldon_engine/thea.py", line 493, in run
    write_pid_file(PID_FILE)
  File "/root/Echelon/valentrix/mm/utils/helpers/wintermute.py", line 963, in write_pid_file
    logger.error(f"Failed to write PID file: {e}")
NameError: name 'logger' is not defined
2025-09-24 10:57:31    [ Thea ] [INFO] ======================================================================
2025-09-24 10:57:31    [ Thea ] [INFO] ======================================================================
2025-09-24 10:57:31    [ Thea ] [INFO] [INIT] THEA starting as persistent background process
2025-09-24 10:57:31    [ Thea ] [INFO] [INIT] THEA starting as persistent background process
2025-09-24 10:57:31    [ Thea ] [INFO] [CONFIG] Capture interval: 300s
2025-09-24 10:57:31    [ Thea ] [INFO] [CONFIG] Capture interval: 300s
2025-09-24 10:57:31    [ Thea ] [INFO] [CONFIG] Volume range: 3,000,000 - 200,000,000 USDT
2025-09-24 10:57:31    [ Thea ] [INFO] [CONFIG] Volume range: 3,000,000 - 200,000,000 USDT
2025-09-24 10:57:31    [ Thea ] [INFO] [CONFIG] Minimum maturity: 7 days
2025-09-24 10:57:31    [ Thea ] [INFO] [CONFIG] Minimum maturity: 7 days
Traceback (most recent call last):
  File "/root/Echelon/valentrix/mm/utils/helpers/wintermute.py", line 961, in write_pid_file
    logger.info(f"PID {os.getpid()} written to {filepath}")
NameError: name 'logger' is not defined

During handling of the above exception, another exception occurred:

Traceback (most recent call last):
  File "/usr/lib/python3.10/runpy.py", line 196, in _run_module_as_main
    return _run_code(code, main_globals, None,
  File "/usr/lib/python3.10/runpy.py", line 86, in _run_code
    exec(code, run_globals)
  File "/root/Echelon/valentrix/mm/utils/seldon_engine/thea.py", line 531, in <module>
    collector.run()
  File "/root/Echelon/valentrix/mm/utils/seldon_engine/thea.py", line 493, in run
    write_pid_file(PID_FILE)
  File "/root/Echelon/valentrix/mm/utils/helpers/wintermute.py", line 963, in write_pid_file
    logger.error(f"Failed to write PID file: {e}")
NameError: name 'logger' is not defined
[2025-09-24 10:58:19] ERROR: [ERROR] connection already closed
[2025-09-24 10:58:19] ERROR: [ERROR] connection already closed
2025-09-24 10:59:06    [ Thea ] [INFO] ======================================================================
2025-09-24 10:59:06    [ Thea ] [INFO] ======================================================================
2025-09-24 10:59:06    [ Thea ] [INFO] [INIT] THEA starting as persistent background process
2025-09-24 10:59:06    [ Thea ] [INFO] [INIT] THEA starting as persistent background process
2025-09-24 10:59:06    [ Thea ] [INFO] [CONFIG] Capture interval: 300s
2025-09-24 10:59:06    [ Thea ] [INFO] [CONFIG] Capture interval: 300s
2025-09-24 10:59:06    [ Thea ] [INFO] [CONFIG] Volume range: 3,000,000 - 200,000,000 USDT
2025-09-24 10:59:06    [ Thea ] [INFO] [CONFIG] Volume range: 3,000,000 - 200,000,000 USDT
2025-09-24 10:59:06    [ Thea ] [INFO] [CONFIG] Minimum maturity: 7 days
2025-09-24 10:59:06    [ Thea ] [INFO] [CONFIG] Minimum maturity: 7 days
Traceback (most recent call last):
  File "/root/Echelon/valentrix/mm/utils/helpers/wintermute.py", line 961, in write_pid_file
    logger.info(f"PID {os.getpid()} written to {filepath}")
NameError: name 'logger' is not defined

During handling of the above exception, another exception occurred:

Traceback (most recent call last):
  File "/usr/lib/python3.10/runpy.py", line 196, in _run_module_as_main
    return _run_code(code, main_globals, None,
  File "/usr/lib/python3.10/runpy.py", line 86, in _run_code
    exec(code, run_globals)
  File "/root/Echelon/valentrix/mm/utils/seldon_engine/thea.py", line 531, in <module>
    collector.run()
  File "/root/Echelon/valentrix/mm/utils/seldon_engine/thea.py", line 493, in run
    write_pid_file(PID_FILE)
  File "/root/Echelon/valentrix/mm/utils/helpers/wintermute.py", line 963, in write_pid_file
    logger.error(f"Failed to write PID file: {e}")
NameError: name 'logger' is not defined
2025-09-24 10:59:12    [ Thea ] [INFO] ======================================================================
2025-09-24 10:59:12    [ Thea ] [INFO] [INIT] THEA starting as persistent background process
2025-09-24 10:59:12    [ Thea ] [INFO] [CONFIG] Capture interval: 300s
2025-09-24 10:59:12    [ Thea ] [INFO] [CONFIG] Volume range: 3,000,000 - 200,000,000 USDT
2025-09-24 10:59:12    [ Thea ] [INFO] [CONFIG] Minimum maturity: 7 days
2025-09-24 11:00:36    [ Thea ] [INFO] ======================================================================
2025-09-24 11:00:36    [ Thea ] [INFO] ======================================================================
2025-09-24 11:00:36    [ Thea ] [INFO] [INIT] THEA starting as persistent background process
2025-09-24 11:00:36    [ Thea ] [INFO] [INIT] THEA starting as persistent background process
2025-09-24 11:00:36    [ Thea ] [INFO] [CONFIG] Capture interval: 300s
2025-09-24 11:00:36    [ Thea ] [INFO] [CONFIG] Capture interval: 300s
2025-09-24 11:00:36    [ Thea ] [INFO] [CONFIG] Volume range: 3,000,000 - 200,000,000 USDT
2025-09-24 11:00:36    [ Thea ] [INFO] [CONFIG] Volume range: 3,000,000 - 200,000,000 USDT
2025-09-24 11:00:36    [ Thea ] [INFO] [CONFIG] Minimum maturity: 7 days
2025-09-24 11:00:36    [ Thea ] [INFO] [CONFIG] Minimum maturity: 7 days
Traceback (most recent call last):
  File "/root/Echelon/valentrix/mm/utils/helpers/wintermute.py", line 961, in write_pid_file
    logger.info(f"PID {os.getpid()} written to {filepath}")
NameError: name 'logger' is not defined

During handling of the above exception, another exception occurred:

Traceback (most recent call last):
  File "/usr/lib/python3.10/runpy.py", line 196, in _run_module_as_main
    return _run_code(code, main_globals, None,
  File "/usr/lib/python3.10/runpy.py", line 86, in _run_code
    exec(code, run_globals)
  File "/root/Echelon/valentrix/mm/utils/seldon_engine/thea.py", line 531, in <module>
    collector.run()
  File "/root/Echelon/valentrix/mm/utils/seldon_engine/thea.py", line 493, in run
    write_pid_file(PID_FILE)
  File "/root/Echelon/valentrix/mm/utils/helpers/wintermute.py", line 963, in write_pid_file
    logger.error(f"Failed to write PID file: {e}")
NameError: name 'logger' is not defined
2025-09-24 11:01:12    [ Thea ] [INFO] ======================================================================
2025-09-24 11:01:12    [ Thea ] [INFO] ======================================================================
2025-09-24 11:01:12    [ Thea ] [INFO] [INIT] THEA starting as persistent background process
2025-09-24 11:01:12    [ Thea ] [INFO] [INIT] THEA starting as persistent background process
2025-09-24 11:01:12    [ Thea ] [INFO] [CONFIG] Capture interval: 300s
2025-09-24 11:01:12    [ Thea ] [INFO] [CONFIG] Capture interval: 300s
2025-09-24 11:01:12    [ Thea ] [INFO] [CONFIG] Volume range: 3,000,000 - 200,000,000 USDT
2025-09-24 11:01:12    [ Thea ] [INFO] [CONFIG] Volume range: 3,000,000 - 200,000,000 USDT
2025-09-24 11:01:12    [ Thea ] [INFO] [CONFIG] Minimum maturity: 7 days
2025-09-24 11:01:12    [ Thea ] [INFO] [CONFIG] Minimum maturity: 7 days
Traceback (most recent call last):
  File "/root/Echelon/valentrix/mm/utils/helpers/wintermute.py", line 961, in write_pid_file
    logger.info(f"PID {os.getpid()} written to {filepath}")
NameError: name 'logger' is not defined

During handling of the above exception, another exception occurred:

Traceback (most recent call last):
  File "/usr/lib/python3.10/runpy.py", line 196, in _run_module_as_main
    return _run_code(code, main_globals, None,
  File "/usr/lib/python3.10/runpy.py", line 86, in _run_code
    exec(code, run_globals)
  File "/root/Echelon/valentrix/mm/utils/seldon_engine/thea.py", line 531, in <module>
    collector.run()
  File "/root/Echelon/valentrix/mm/utils/seldon_engine/thea.py", line 493, in run
    write_pid_file(PID_FILE)
  File "/root/Echelon/valentrix/mm/utils/helpers/wintermute.py", line 963, in write_pid_file
    logger.error(f"Failed to write PID file: {e}")
NameError: name 'logger' is not defined
2025-09-24 11:02:45    [ Thea ] [INFO] ======================================================================
2025-09-24 11:02:45    [ Thea ] [INFO] ======================================================================
2025-09-24 11:02:45    [ Thea ] [INFO] [INIT] THEA starting as persistent background process
2025-09-24 11:02:45    [ Thea ] [INFO] [INIT] THEA starting as persistent background process
2025-09-24 11:02:45    [ Thea ] [INFO] [CONFIG] Capture interval: 300s
2025-09-24 11:02:45    [ Thea ] [INFO] [CONFIG] Capture interval: 300s
2025-09-24 11:02:45    [ Thea ] [INFO] [CONFIG] Volume range: 3,000,000 - 200,000,000 USDT
2025-09-24 11:02:45    [ Thea ] [INFO] [CONFIG] Volume range: 3,000,000 - 200,000,000 USDT
2025-09-24 11:02:45    [ Thea ] [INFO] [CONFIG] Minimum maturity: 7 days
2025-09-24 11:02:45    [ Thea ] [INFO] [CONFIG] Minimum maturity: 7 days
Traceback (most recent call last):
  File "/root/Echelon/valentrix/mm/utils/helpers/wintermute.py", line 961, in write_pid_file
    logger.info(f"PID {os.getpid()} written to {filepath}")
NameError: name 'logger' is not defined

During handling of the above exception, another exception occurred:

Traceback (most recent call last):
  File "/usr/lib/python3.10/runpy.py", line 196, in _run_module_as_main
    return _run_code(code, main_globals, None,
  File "/usr/lib/python3.10/runpy.py", line 86, in _run_code
    exec(code, run_globals)
  File "/root/Echelon/valentrix/mm/utils/seldon_engine/thea.py", line 531, in <module>
    collector.run()
  File "/root/Echelon/valentrix/mm/utils/seldon_engine/thea.py", line 493, in run
    write_pid_file(PID_FILE)
  File "/root/Echelon/valentrix/mm/utils/helpers/wintermute.py", line 963, in write_pid_file
    logger.error(f"Failed to write PID file: {e}")
NameError: name 'logger' is not defined
[2025-09-24 11:03:19] ERROR: [ERROR] connection already closed
[2025-09-24 11:03:19] ERROR: [ERROR] connection already closed
2025-09-24 11:04:15    [ Thea ] [INFO] ======================================================================
2025-09-24 11:04:15    [ Thea ] [INFO] ======================================================================
2025-09-24 11:04:15    [ Thea ] [INFO] [INIT] THEA starting as persistent background process
2025-09-24 11:04:15    [ Thea ] [INFO] [INIT] THEA starting as persistent background process
2025-09-24 11:04:15    [ Thea ] [INFO] [CONFIG] Capture interval: 300s
2025-09-24 11:04:15    [ Thea ] [INFO] [CONFIG] Capture interval: 300s
2025-09-24 11:04:15    [ Thea ] [INFO] [CONFIG] Volume range: 3,000,000 - 200,000,000 USDT
2025-09-24 11:04:15    [ Thea ] [INFO] [CONFIG] Volume range: 3,000,000 - 200,000,000 USDT
2025-09-24 11:04:15    [ Thea ] [INFO] [CONFIG] Minimum maturity: 7 days
2025-09-24 11:04:15    [ Thea ] [INFO] [CONFIG] Minimum maturity: 7 days
Traceback (most recent call last):
  File "/root/Echelon/valentrix/mm/utils/helpers/wintermute.py", line 961, in write_pid_file
    logger.info(f"PID {os.getpid()} written to {filepath}")
NameError: name 'logger' is not defined

During handling of the above exception, another exception occurred:

Traceback (most recent call last):
  File "/usr/lib/python3.10/runpy.py", line 196, in _run_module_as_main
    return _run_code(code, main_globals, None,
  File "/usr/lib/python3.10/runpy.py", line 86, in _run_code
    exec(code, run_globals)
  File "/root/Echelon/valentrix/mm/utils/seldon_engine/thea.py", line 531, in <module>
    collector.run()
  File "/root/Echelon/valentrix/mm/utils/seldon_engine/thea.py", line 493, in run
    write_pid_file(PID_FILE)
  File "/root/Echelon/valentrix/mm/utils/helpers/wintermute.py", line 963, in write_pid_file
    logger.error(f"Failed to write PID file: {e}")
NameError: name 'logger' is not defined
2025-09-24 11:05:45    [ Thea ] [INFO] ======================================================================
2025-09-24 11:05:45    [ Thea ] [INFO] ======================================================================
2025-09-24 11:05:45    [ Thea ] [INFO] [INIT] THEA starting as persistent background process
2025-09-24 11:05:45    [ Thea ] [INFO] [INIT] THEA starting as persistent background process
2025-09-24 11:05:45    [ Thea ] [INFO] [CONFIG] Capture interval: 300s
2025-09-24 11:05:45    [ Thea ] [INFO] [CONFIG] Capture interval: 300s
2025-09-24 11:05:45    [ Thea ] [INFO] [CONFIG] Volume range: 3,000,000 - 200,000,000 USDT
2025-09-24 11:05:45    [ Thea ] [INFO] [CONFIG] Volume range: 3,000,000 - 200,000,000 USDT
2025-09-24 11:05:45    [ Thea ] [INFO] [CONFIG] Minimum maturity: 7 days
2025-09-24 11:05:45    [ Thea ] [INFO] [CONFIG] Minimum maturity: 7 days
Traceback (most recent call last):
  File "/root/Echelon/valentrix/mm/utils/helpers/wintermute.py", line 961, in write_pid_file
    logger.info(f"PID {os.getpid()} written to {filepath}")
NameError: name 'logger' is not defined

During handling of the above exception, another exception occurred:

Traceback (most recent call last):
  File "/usr/lib/python3.10/runpy.py", line 196, in _run_module_as_main
    return _run_code(code, main_globals, None,
  File "/usr/lib/python3.10/runpy.py", line 86, in _run_code
    exec(code, run_globals)
  File "/root/Echelon/valentrix/mm/utils/seldon_engine/thea.py", line 531, in <module>
    collector.run()
  File "/root/Echelon/valentrix/mm/utils/seldon_engine/thea.py", line 493, in run
    write_pid_file(PID_FILE)
  File "/root/Echelon/valentrix/mm/utils/helpers/wintermute.py", line 963, in write_pid_file
    logger.error(f"Failed to write PID file: {e}")
NameError: name 'logger' is not defined
2025-09-24 11:07:00    [ Thea ] [INFO] ======================================================================
2025-09-24 11:07:00    [ Thea ] [INFO] ======================================================================
2025-09-24 11:07:00    [ Thea ] [INFO] [INIT] THEA starting as persistent background process
2025-09-24 11:07:00    [ Thea ] [INFO] [INIT] THEA starting as persistent background process
2025-09-24 11:07:00    [ Thea ] [INFO] [CONFIG] Capture interval: 300s
2025-09-24 11:07:00    [ Thea ] [INFO] [CONFIG] Capture interval: 300s
2025-09-24 11:07:00    [ Thea ] [INFO] [CONFIG] Volume range: 3,000,000 - 200,000,000 USDT
2025-09-24 11:07:00    [ Thea ] [INFO] [CONFIG] Volume range: 3,000,000 - 200,000,000 USDT
2025-09-24 11:07:00    [ Thea ] [INFO] [CONFIG] Minimum maturity: 7 days
2025-09-24 11:07:00    [ Thea ] [INFO] [CONFIG] Minimum maturity: 7 days
Traceback (most recent call last):
  File "/root/Echelon/valentrix/mm/utils/helpers/wintermute.py", line 970, in write_pid_file
    logger.info(f"PID {os.getpid()} written to {filepath}")
NameError: name 'logger' is not defined

During handling of the above exception, another exception occurred:

Traceback (most recent call last):
  File "/usr/lib/python3.10/runpy.py", line 196, in _run_module_as_main
    return _run_code(code, main_globals, None,
  File "/usr/lib/python3.10/runpy.py", line 86, in _run_code
    exec(code, run_globals)
  File "/root/Echelon/valentrix/mm/utils/seldon_engine/thea.py", line 531, in <module>
    collector.run()
  File "/root/Echelon/valentrix/mm/utils/seldon_engine/thea.py", line 493, in run
    write_pid_file(PID_FILE)
  File "/root/Echelon/valentrix/mm/utils/helpers/wintermute.py", line 972, in write_pid_file
    logger.error(f"Failed to write PID file: {e}")
NameError: name 'logger' is not defined
2025-09-24 11:08:01    [ Thea ] [INFO] ======================================================================
2025-09-24 11:08:01    [ Thea ] [INFO] ======================================================================
2025-09-24 11:08:01    [ Thea ] [INFO] [INIT] THEA starting as persistent background process
2025-09-24 11:08:01    [ Thea ] [INFO] [INIT] THEA starting as persistent background process
2025-09-24 11:08:01    [ Thea ] [INFO] [CONFIG] Capture interval: 300s
2025-09-24 11:08:01    [ Thea ] [INFO] [CONFIG] Capture interval: 300s
2025-09-24 11:08:01    [ Thea ] [INFO] [CONFIG] Volume range: 3,000,000 - 200,000,000 USDT
2025-09-24 11:08:01    [ Thea ] [INFO] [CONFIG] Volume range: 3,000,000 - 200,000,000 USDT
2025-09-24 11:08:01    [ Thea ] [INFO] [CONFIG] Minimum maturity: 7 days
2025-09-24 11:08:01    [ Thea ] [INFO] [CONFIG] Minimum maturity: 7 days
Traceback (most recent call last):
  File "/root/Echelon/valentrix/mm/utils/helpers/wintermute.py", line 970, in write_pid_file
    logger.info(f"PID {os.getpid()} written to {filepath}")
NameError: name 'logger' is not defined

During handling of the above exception, another exception occurred:

Traceback (most recent call last):
  File "/usr/lib/python3.10/runpy.py", line 196, in _run_module_as_main
    return _run_code(code, main_globals, None,
  File "/usr/lib/python3.10/runpy.py", line 86, in _run_code
    exec(code, run_globals)
  File "/root/Echelon/valentrix/mm/utils/seldon_engine/thea.py", line 531, in <module>
    collector.run()
  File "/root/Echelon/valentrix/mm/utils/seldon_engine/thea.py", line 493, in run
    write_pid_file(PID_FILE)
  File "/root/Echelon/valentrix/mm/utils/helpers/wintermute.py", line 972, in write_pid_file
    logger.error(f"Failed to write PID file: {e}")
NameError: name 'logger' is not defined
[2025-09-24 11:08:19] ERROR: [ERROR] connection already closed
[2025-09-24 11:08:19] ERROR: [ERROR] connection already closed
2025-09-24 11:09:31    [ Thea ] [INFO] ======================================================================
2025-09-24 11:09:31    [ Thea ] [INFO] ======================================================================
2025-09-24 11:09:31    [ Thea ] [INFO] [INIT] THEA starting as persistent background process
2025-09-24 11:09:31    [ Thea ] [INFO] [INIT] THEA starting as persistent background process
2025-09-24 11:09:31    [ Thea ] [INFO] [CONFIG] Capture interval: 300s
2025-09-24 11:09:31    [ Thea ] [INFO] [CONFIG] Capture interval: 300s
2025-09-24 11:09:31    [ Thea ] [INFO] [CONFIG] Volume range: 3,000,000 - 200,000,000 USDT
2025-09-24 11:09:31    [ Thea ] [INFO] [CONFIG] Volume range: 3,000,000 - 200,000,000 USDT
2025-09-24 11:09:31    [ Thea ] [INFO] [CONFIG] Minimum maturity: 7 days
2025-09-24 11:09:31    [ Thea ] [INFO] [CONFIG] Minimum maturity: 7 days
Traceback (most recent call last):
  File "/root/Echelon/valentrix/mm/utils/helpers/wintermute.py", line 970, in write_pid_file
    logger.info(f"PID {os.getpid()} written to {filepath}")
NameError: name 'logger' is not defined

During handling of the above exception, another exception occurred:

Traceback (most recent call last):
  File "/usr/lib/python3.10/runpy.py", line 196, in _run_module_as_main
    return _run_code(code, main_globals, None,
  File "/usr/lib/python3.10/runpy.py", line 86, in _run_code
    exec(code, run_globals)
  File "/root/Echelon/valentrix/mm/utils/seldon_engine/thea.py", line 531, in <module>
    collector.run()
  File "/root/Echelon/valentrix/mm/utils/seldon_engine/thea.py", line 493, in run
    write_pid_file(PID_FILE)
  File "/root/Echelon/valentrix/mm/utils/helpers/wintermute.py", line 972, in write_pid_file
    logger.error(f"Failed to write PID file: {e}")
NameError: name 'logger' is not defined
2025-09-24 11:09:43    [ Thea ] [INFO] ======================================================================
2025-09-24 11:09:43    [ Thea ] [INFO] [INIT] THEA starting as persistent background process
2025-09-24 11:09:43    [ Thea ] [INFO] [CONFIG] Capture interval: 300s
2025-09-24 11:09:43    [ Thea ] [INFO] [CONFIG] Volume range: 3,000,000 - 200,000,000 USDT
2025-09-24 11:09:43    [ Thea ] [INFO] [CONFIG] Minimum maturity: 7 days
2025-09-24 11:11:02    [ Thea ] [INFO] ======================================================================
2025-09-24 11:11:02    [ Thea ] [INFO] ======================================================================
2025-09-24 11:11:02    [ Thea ] [INFO] [INIT] THEA starting as persistent background process
2025-09-24 11:11:02    [ Thea ] [INFO] [INIT] THEA starting as persistent background process
2025-09-24 11:11:02    [ Thea ] [INFO] [CONFIG] Capture interval: 300s
2025-09-24 11:11:02    [ Thea ] [INFO] [CONFIG] Capture interval: 300s
2025-09-24 11:11:02    [ Thea ] [INFO] [CONFIG] Volume range: 3,000,000 - 200,000,000 USDT
2025-09-24 11:11:02    [ Thea ] [INFO] [CONFIG] Volume range: 3,000,000 - 200,000,000 USDT
2025-09-24 11:11:02    [ Thea ] [INFO] [CONFIG] Minimum maturity: 7 days
2025-09-24 11:11:02    [ Thea ] [INFO] [CONFIG] Minimum maturity: 7 days
Traceback (most recent call last):
  File "/root/Echelon/valentrix/mm/utils/helpers/wintermute.py", line 970, in write_pid_file
    logger.info(f"PID {os.getpid()} written to {filepath}")
NameError: name 'logger' is not defined

During handling of the above exception, another exception occurred:

Traceback (most recent call last):
  File "/usr/lib/python3.10/runpy.py", line 196, in _run_module_as_main
    return _run_code(code, main_globals, None,
  File "/usr/lib/python3.10/runpy.py", line 86, in _run_code
    exec(code, run_globals)
  File "/root/Echelon/valentrix/mm/utils/seldon_engine/thea.py", line 531, in <module>
    collector.run()
  File "/root/Echelon/valentrix/mm/utils/seldon_engine/thea.py", line 493, in run
    write_pid_file(PID_FILE)
  File "/root/Echelon/valentrix/mm/utils/helpers/wintermute.py", line 972, in write_pid_file
    logger.error(f"Failed to write PID file: {e}")
NameError: name 'logger' is not defined
2025-09-24 11:12:32    [ Thea ] [INFO] ======================================================================
2025-09-24 11:12:32    [ Thea ] [INFO] ======================================================================
2025-09-24 11:12:32    [ Thea ] [INFO] [INIT] THEA starting as persistent background process
2025-09-24 11:12:32    [ Thea ] [INFO] [INIT] THEA starting as persistent background process
2025-09-24 11:12:32    [ Thea ] [INFO] [CONFIG] Capture interval: 300s
2025-09-24 11:12:32    [ Thea ] [INFO] [CONFIG] Capture interval: 300s
2025-09-24 11:12:32    [ Thea ] [INFO] [CONFIG] Volume range: 3,000,000 - 200,000,000 USDT
2025-09-24 11:12:32    [ Thea ] [INFO] [CONFIG] Volume range: 3,000,000 - 200,000,000 USDT
2025-09-24 11:12:32    [ Thea ] [INFO] [CONFIG] Minimum maturity: 7 days
2025-09-24 11:12:32    [ Thea ] [INFO] [CONFIG] Minimum maturity: 7 days
Traceback (most recent call last):
  File "/root/Echelon/valentrix/mm/utils/helpers/wintermute.py", line 970, in write_pid_file
    logger.info(f"PID {os.getpid()} written to {filepath}")
NameError: name 'logger' is not defined

During handling of the above exception, another exception occurred:

Traceback (most recent call last):
  File "/usr/lib/python3.10/runpy.py", line 196, in _run_module_as_main
    return _run_code(code, main_globals, None,
  File "/usr/lib/python3.10/runpy.py", line 86, in _run_code
    exec(code, run_globals)
  File "/root/Echelon/valentrix/mm/utils/seldon_engine/thea.py", line 531, in <module>
    collector.run()
  File "/root/Echelon/valentrix/mm/utils/seldon_engine/thea.py", line 493, in run
    write_pid_file(PID_FILE)
  File "/root/Echelon/valentrix/mm/utils/helpers/wintermute.py", line 972, in write_pid_file
    logger.error(f"Failed to write PID file: {e}")
NameError: name 'logger' is not defined
2025-09-24 11:13:04    [ Thea ] [INFO] ======================================================================
2025-09-24 11:13:04    [ Thea ] [INFO] ======================================================================
2025-09-24 11:13:04    [ Thea ] [INFO] [INIT] THEA starting as persistent background process
2025-09-24 11:13:04    [ Thea ] [INFO] [INIT] THEA starting as persistent background process
2025-09-24 11:13:04    [ Thea ] [INFO] [CONFIG] Capture interval: 300s
2025-09-24 11:13:04    [ Thea ] [INFO] [CONFIG] Capture interval: 300s
2025-09-24 11:13:04    [ Thea ] [INFO] [CONFIG] Volume range: 3,000,000 - 200,000,000 USDT
2025-09-24 11:13:04    [ Thea ] [INFO] [CONFIG] Volume range: 3,000,000 - 200,000,000 USDT
2025-09-24 11:13:04    [ Thea ] [INFO] [CONFIG] Minimum maturity: 7 days
2025-09-24 11:13:04    [ Thea ] [INFO] [CONFIG] Minimum maturity: 7 days
Traceback (most recent call last):
  File "/root/Echelon/valentrix/mm/utils/helpers/wintermute.py", line 970, in write_pid_file
    logger.info(f"PID {os.getpid()} written to {filepath}")
NameError: name 'logger' is not defined

During handling of the above exception, another exception occurred:

Traceback (most recent call last):
  File "/usr/lib/python3.10/runpy.py", line 196, in _run_module_as_main
    return _run_code(code, main_globals, None,
  File "/usr/lib/python3.10/runpy.py", line 86, in _run_code
    exec(code, run_globals)
  File "/root/Echelon/valentrix/mm/utils/seldon_engine/thea.py", line 531, in <module>
    collector.run()
  File "/root/Echelon/valentrix/mm/utils/seldon_engine/thea.py", line 493, in run
    write_pid_file(PID_FILE)
  File "/root/Echelon/valentrix/mm/utils/helpers/wintermute.py", line 972, in write_pid_file
    logger.error(f"Failed to write PID file: {e}")
NameError: name 'logger' is not defined
